	1004954.6	520487.6	29461.21
PGF_00000027	1	1	1
PGF_00000060	1	1	1
PGF_00000161	1	1	1
PGF_00000251	1	1	1
PGF_00000363	1	1	1
PGF_00000364	1	1	1
PGF_00000372	1	1	1
PGF_00000416	1	1	1
PGF_00000890	1	1	1
PGF_00000892	1	1	1
PGF_00000897	1	1	1
PGF_00000899	1	1	1
PGF_00000936	1	1	1
PGF_00000939	1	1	1
PGF_00001268	1	1	1
PGF_00001273	1	1	1
PGF_00001295	1	1	1
PGF_00002375	2	2	2
PGF_00002425	1	1	1
PGF_00002426	1	1	1
PGF_00002427	1	1	1
PGF_00002554	1	1	1
PGF_00002570	1	1	1
PGF_00002592	1	1	1
PGF_00002615	1	1	1
PGF_00002835	1	1	1
PGF_00003061	1	1	1
PGF_00003067	1	1	1
PGF_00003085	1	1	1
PGF_00003090	1	1	1
PGF_00003100	1	1	1
PGF_00003128	1	1	1
PGF_00003133	1	1	1
PGF_00003167	1	1	1
PGF_00003175	1	1	1
PGF_00003220	1	1	1
PGF_00003243	1	1	1
PGF_00003257	1	1	1
PGF_00003420	2	2	2
PGF_00003448	1	1	1
PGF_00003526	1	1	1
PGF_00003537	1	1	1
PGF_00003989	1	1	1
PGF_00004033	1	1	1
PGF_00004054	1	1	1
PGF_00004231	1	1	1
PGF_00004378	1	1	1
PGF_00004438	1	1	1
PGF_00004465	1	1	1
PGF_00004481	2	2	2
PGF_00005284	1	1	1
PGF_00005288	1	1	1
PGF_00005318	1	1	1
PGF_00005331	1	1	1
PGF_00005354	1	1	1
PGF_00005355	1	1	1
PGF_00005358	1	1	1
PGF_00005384	1	1	1
PGF_00005450	1	1	1
PGF_00005454	1	1	1
PGF_00005481	1	1	1
PGF_00005526	1	1	1
PGF_00005614	1	1	1
PGF_00005653	1	1	1
PGF_00005662	1	1	1
PGF_00005780	4	4	4
PGF_00006100	1	1	1
PGF_00006278	1	1	1
PGF_00006320	1	1	1
PGF_00006323	1	1	1
PGF_00006378	1	1	1
PGF_00006380	1	1	1
PGF_00006394	1	1	1
PGF_00006449	1	1	1
PGF_00006461	1	1	1
PGF_00006506	1	1	1
PGF_00006520	1	1	1
PGF_00006740	1	1	1
PGF_00006935	1	1	1
PGF_00007012	1	1	1
PGF_00007014	1	1	1
PGF_00007024	1	1	1
PGF_00007026	1	1	1
PGF_00007027	1	1	1
PGF_00007028	1	1	1
PGF_00007041	1	1	1
PGF_00007057	1	1	1
PGF_00007090	1	1	1
PGF_00007229	1	1	1
PGF_00007231	1	1	1
PGF_00007235	1	1	1
PGF_00007252	1	1	1
PGF_00007266	1	1	1
PGF_00007268	1	1	1
PGF_00007270	1	1	1
PGF_00007277	1	1	1
PGF_00007281	1	1	1
PGF_00007284	1	1	1
PGF_00007285	1	1	1
PGF_00007290	1	1	1
PGF_00007291	1	1	1
PGF_00007293	1	1	1
PGF_00007304	1	1	1
PGF_00007570	1	1	1
PGF_00007632	1	1	1
PGF_00007712	1	1	1
PGF_00007844	1	1	1
PGF_00007925	1	1	1
PGF_00007973	1	1	1
PGF_00007988	1	1	1
PGF_00008000	1	1	1
PGF_00008061	1	1	1
PGF_00008075	1	1	1
PGF_00008094	2	2	2
PGF_00008106	1	1	1
PGF_00008115	1	1	1
PGF_00008154	2	2	2
PGF_00008192	1	2	1
PGF_00008239	1	1	1
PGF_00008335	1	1	1
PGF_00008342	1	1	1
PGF_00008355	1	1	1
PGF_00008381	1	1	1
PGF_00008393	1	1	1
PGF_00008430	1	1	1
PGF_00008469	1	1	1
PGF_00008537	1	1	1
PGF_00008593	1	1	1
PGF_00008611	1	1	1
PGF_00008773	1	1	1
PGF_00008780	1	1	1
PGF_00008813	1	1	1
PGF_00008838	1	1	1
PGF_00008846	1	1	1
PGF_00008882	1	1	1
PGF_00008885	1	1	1
PGF_00008901	1	1	1
PGF_00009199	1	1	1
PGF_00009421	1	1	1
PGF_00009520	1	1	1
PGF_00009546	1	1	1
PGF_00009547	1	1	1
PGF_00009594	1	1	1
PGF_00009621	1	1	1
PGF_00009891	1	1	1
PGF_00009925	1	1	1
PGF_00009967	1	1	1
PGF_00009969	2	2	2
PGF_00009998	1	1	1
PGF_00010051	1	1	1
PGF_00010055	1	1	1
PGF_00010205	1	1	1
PGF_00010332	1	1	1
PGF_00010349	1	1	1
PGF_00010360	1	1	1
PGF_00010475	1	1	1
PGF_00010574	1	1	1
PGF_00010630	1	1	1
PGF_00010692	1	1	1
PGF_00010719	1	1	1
PGF_00010738	1	1	1
PGF_00010960	1	1	1
PGF_00011081	1	1	1
PGF_00011216	1	1	1
PGF_00011277	1	1	1
PGF_00011528	1	1	1
PGF_00011597	1	1	1
PGF_00011634	1	1	1
PGF_00011688	2	2	2
PGF_00011713	1	1	1
PGF_00011979	1	1	1
PGF_00012186	1	1	1
PGF_00012257	1	1	1
PGF_00012340	1	1	1
PGF_00012436	1	1	1
PGF_00012820	1	1	1
PGF_00012851	1	1	1
PGF_00013003	1	1	1
PGF_00013065	1	1	1
PGF_00013266	1	1	1
PGF_00013272	1	1	1
PGF_00013283	1	1	1
PGF_00013341	1	1	1
PGF_00013352	1	1	1
PGF_00013455	1	1	1
PGF_00013490	1	1	1
PGF_00013509	1	1	1
PGF_00013571	1	1	1
PGF_00013801	1	1	1
PGF_00013803	1	1	1
PGF_00013804	1	1	1
PGF_00013834	2	2	2
PGF_00013972	1	1	1
PGF_00013997	1	1	1
PGF_00014051	1	1	1
PGF_00014057	1	1	1
PGF_00014099	3	3	3
PGF_00014124	1	1	1
PGF_00014135	1	1	1
PGF_00014225	1	1	1
PGF_00014238	1	1	2
PGF_00014306	1	1	1
PGF_00014311	1	1	1
PGF_00014327	1	1	1
PGF_00014337	1	1	1
PGF_00014355	1	1	1
PGF_00014374	1	1	1
PGF_00014399	1	2	1
PGF_00014729	1	1	1
PGF_00014804	1	1	1
PGF_00015039	1	1	1
PGF_00015211	1	1	1
PGF_00015259	1	1	1
PGF_00015264	1	1	1
PGF_00015272	1	1	1
PGF_00015277	1	1	1
PGF_00015416	1	1	1
PGF_00015479	1	1	1
PGF_00015487	2	2	2
PGF_00015489	1	1	1
PGF_00015510	1	1	1
PGF_00015514	1	1	1
PGF_00015517	1	1	1
PGF_00015657	1	1	1
PGF_00015695	1	1	1
PGF_00015699	1	1	1
PGF_00015855	1	1	1
PGF_00015902	1	1	1
PGF_00015978	1	1	1
PGF_00016003	1	1	1
PGF_00016021	1	1	1
PGF_00016046	2	2	2
PGF_00016130	1	1	1
PGF_00016174	2	2	2
PGF_00016225	1	2	1
PGF_00016239	1	1	1
PGF_00016323	1	1	1
PGF_00016328	1	1	1
PGF_00016338	1	1	1
PGF_00016340	1	1	1
PGF_00016342	1	1	1
PGF_00016343	1	1	1
PGF_00016346	1	1	1
PGF_00016353	1	1	1
PGF_00016357	1	1	1
PGF_00016358	1	1	1
PGF_00016368	1	1	1
PGF_00016377	1	1	1
PGF_00016385	1	1	1
PGF_00016393	1	1	1
PGF_00016395	1	1	1
PGF_00016416	1	1	1
PGF_00016418	1	1	1
PGF_00016423	1	1	1
PGF_00016425	1	1	1
PGF_00016431	1	1	1
PGF_00016443	1	1	1
PGF_00016444	1	1	1
PGF_00016445	1	1	1
PGF_00016452	1	1	1
PGF_00016477	2	1	2
PGF_00016546	2	2	2
PGF_00016669	1	1	1
PGF_00016919	1	1	1
PGF_00017109	1	1	1
PGF_00017190	1	1	1
PGF_00017218	1	1	1
PGF_00017389	1	1	1
PGF_00017406	1	1	1
PGF_00017453	2	2	2
PGF_00017464	1	1	1
PGF_00017479	1	1	1
PGF_00017617	1	1	1
PGF_00017640	1	1	1
PGF_00017735	1	1	1
PGF_00017784	1	1	1
PGF_00017837	1	1	1
PGF_00018084	1	1	1
PGF_00018131	2	2	2
PGF_00018155	1	1	1
PGF_00018522	1	1	1
PGF_00018560	1	1	1
PGF_00018952	1	1	1
PGF_00018965	1	1	1
PGF_00019038	1	1	1
PGF_00019095	1	1	1
PGF_00019236	1	1	1
PGF_00019246	1	1	1
PGF_00019280	2	2	2
PGF_00019313	1	1	1
PGF_00019354	1	1	1
PGF_00019355	1	1	1
PGF_00019391	2	2	2
PGF_00019428	1	1	1
PGF_00019484	1	1	1
PGF_00019579	1	1	1
PGF_00019678	1	1	1
PGF_00019970	1	1	1
PGF_00019982	2	1	2
PGF_00020021	1	1	1
PGF_00020163	1	1	1
PGF_00020168	1	1	1
PGF_00020172	1	1	1
PGF_00020361	1	1	1
PGF_00020387	1	1	1
PGF_00020735	1	1	1
PGF_00020742	1	1	1
PGF_00020981	1	1	1
PGF_00020984	1	1	1
PGF_00020996	1	1	1
PGF_00021019	1	1	1
PGF_00021021	1	1	1
PGF_00021186	1	1	1
PGF_00021389	1	1	1
PGF_00021491	1	1	1
PGF_00021556	1	1	1
PGF_00021631	1	1	1
PGF_00021718	1	1	1
PGF_00021719	1	1	1
PGF_00021835	1	1	1
PGF_00021883	1	1	1
PGF_00022507	1	1	1
PGF_00022527	1	1	1
PGF_00022565	1	1	1
PGF_00022575	1	1	1
PGF_00022665	1	1	1
PGF_00022666	1	1	1
PGF_00022677	1	1	1
PGF_00022776	1	1	1
PGF_00023326	1	1	1
PGF_00023433	1	1	1
PGF_00023449	1	1	1
PGF_00023524	1	1	1
PGF_00023565	1	2	1
PGF_00023633	1	1	1
PGF_00023634	1	1	1
PGF_00023739	1	1	1
PGF_00024225	1	1	1
PGF_00024234	1	1	1
PGF_00024274	1	1	1
PGF_00024309	1	1	1
PGF_00024322	1	1	1
PGF_00024414	1	1	1
PGF_00024415	1	1	1
PGF_00024479	1	1	1
PGF_00024531	1	1	1
PGF_00024567	1	1	1
PGF_00024615	1	1	1
PGF_00024677	1	1	1
PGF_00024687	1	1	1
PGF_00024692	1	1	1
PGF_00024728	1	1	1
PGF_00024735	1	1	1
PGF_00024742	1	1	1
PGF_00024746	1	1	1
PGF_00024801	1	1	1
PGF_00024851	1	1	1
PGF_00024855	1	1	1
PGF_00024908	1	1	1
PGF_00025003	1	1	1
PGF_00025078	1	1	1
PGF_00025090	1	1	1
PGF_00025215	1	1	1
PGF_00025335	1	1	1
PGF_00025489	1	1	1
PGF_00025501	1	1	1
PGF_00025517	1	1	1
PGF_00025562	1	1	1
PGF_00025590	1	1	1
PGF_00025598	1	1	1
PGF_00025623	1	1	1
PGF_00025639	1	1	1
PGF_00025679	1	1	1
PGF_00025749	1	1	1
PGF_00025751	1	1	1
PGF_00025762	1	1	1
PGF_00025772	1	1	1
PGF_00025786	1	1	1
PGF_00025788	1	1	1
PGF_00025847	1	1	1
PGF_00025890	1	1	1
PGF_00026050	1	1	1
PGF_00026074	1	1	1
PGF_00026077	1	1	1
PGF_00026086	1	1	1
PGF_00026089	1	1	1
PGF_00026177	1	1	1
PGF_00026210	1	1	1
PGF_00026279	1	1	1
PGF_00026362	1	1	1
PGF_00026382	1	2	1
PGF_00026409	1	1	1
PGF_00026453	1	1	1
PGF_00026545	1	1	1
PGF_00026614	1	1	1
PGF_00026615	1	1	1
PGF_00026934	2	2	2
PGF_00026991	1	1	1
PGF_00027012	1	1	1
PGF_00027069	1	1	1
PGF_00027153	1	1	1
PGF_00027212	1	1	1
PGF_00027308	1	1	1
PGF_00027464	1	1	1
PGF_00027512	1	1	1
PGF_00027613	1	1	1
PGF_00027696	1	1	1
PGF_00027706	1	3	1
PGF_00027855	1	1	1
PGF_00027866	1	1	1
PGF_00028563	1	1	1
PGF_00028652	1	1	1
PGF_00028700	1	1	1
PGF_00028725	2	2	2
PGF_00028731	1	1	1
PGF_00028744	1	1	1
PGF_00028759	1	1	1
PGF_00028981	1	0	1
PGF_00029411	1	1	1
PGF_00029464	1	1	1
PGF_00029917	1	1	1
PGF_00029921	1	1	1
PGF_00030086	1	1	1
PGF_00030211	1	1	1
PGF_00030246	1	1	1
PGF_00030498	1	1	1
PGF_00030640	1	1	1
PGF_00030643	1	1	1
PGF_00030774	1	1	1
PGF_00031127	1	1	1
PGF_00031585	1	1	1
PGF_00031935	1	1	1
PGF_00031948	1	1	1
PGF_00031985	1	1	1
PGF_00032637	1	1	1
PGF_00032869	1	1	1
PGF_00033063	1	1	1
PGF_00033095	1	1	1
PGF_00033187	1	1	1
PGF_00033237	1	1	1
PGF_00033278	1	1	1
PGF_00033289	1	1	1
PGF_00033293	1	1	1
PGF_00033298	1	1	1
PGF_00033359	1	1	1
PGF_00033363	1	1	1
PGF_00033369	1	1	1
PGF_00033411	1	1	1
PGF_00033479	1	1	1
PGF_00033488	2	2	2
PGF_00033545	2	2	2
PGF_00033725	1	1	1
PGF_00033729	1	1	1
PGF_00033814	1	1	1
PGF_00033824	1	1	1
PGF_00033861	1	1	1
PGF_00033877	1	1	1
PGF_00033936	1	1	1
PGF_00033941	1	1	1
PGF_00033946	1	1	1
PGF_00033954	1	1	1
PGF_00033959	1	1	1
PGF_00033961	1	1	1
PGF_00033968	1	1	1
PGF_00033988	1	1	1
PGF_00034390	1	1	1
PGF_00034456	1	1	1
PGF_00034548	1	1	1
PGF_00034611	1	1	1
PGF_00034657	1	1	1
PGF_00034731	1	1	1
PGF_00034763	1	1	1
PGF_00034923	1	1	1
PGF_00034972	1	1	1
PGF_00035240	1	1	1
PGF_00035279	1	1	1
PGF_00035334	1	1	1
PGF_00035370	2	2	2
PGF_00035378	1	1	1
PGF_00035464	1	1	1
PGF_00035467	1	1	1
PGF_00035468	1	1	1
PGF_00035487	1	1	1
PGF_00035623	1	1	1
PGF_00035664	1	1	1
PGF_00035721	1	1	1
PGF_00035750	1	1	1
PGF_00035782	1	1	1
PGF_00035829	1	1	1
PGF_00035830	1	1	1
PGF_00035833	1	1	1
PGF_00035841	1	1	1
PGF_00035964	1	1	1
PGF_00036005	1	1	1
PGF_00036058	1	1	1
PGF_00036172	1	1	1
PGF_00036432	2	2	2
PGF_00036513	1	1	1
PGF_00036543	1	1	1
PGF_00036580	1	1	1
PGF_00036609	1	1	1
PGF_00036895	1	1	1
PGF_00036988	1	1	1
PGF_00037522	1	1	1
PGF_00037526	1	1	1
PGF_00037528	1	1	1
PGF_00037542	1	1	1
PGF_00037588	1	1	1
PGF_00037650	5	5	5
PGF_00037758	1	1	1
PGF_00037784	1	1	1
PGF_00037826	1	1	1
PGF_00037835	1	1	1
PGF_00037848	1	1	1
PGF_00037937	1	1	1
PGF_00038152	1	1	1
PGF_00038364	1	1	1
PGF_00038612	1	1	1
PGF_00038636	1	1	1
PGF_00038653	1	1	1
PGF_00038697	1	1	1
PGF_00038782	1	1	1
PGF_00038839	1	0	1
PGF_00038879	1	1	1
PGF_00038895	1	1	1
PGF_00038982	2	1	2
PGF_00039165	1	1	1
PGF_00039184	1	1	1
PGF_00039342	1	1	1
PGF_00039375	1	1	1
PGF_00039827	1	1	1
PGF_00040003	1	1	1
PGF_00040151	1	1	1
PGF_00040303	1	1	1
PGF_00040613	2	2	2
PGF_00040615	1	1	1
PGF_00040922	3	3	3
PGF_00041206	1	1	1
PGF_00041289	1	2	1
PGF_00041692	1	1	1
PGF_00041786	1	1	1
PGF_00041794	1	1	1
PGF_00041946	1	1	1
PGF_00042081	1	1	1
PGF_00042096	1	1	1
PGF_00042133	1	1	1
PGF_00042598	1	1	1
PGF_00042867	1	1	1
PGF_00043159	1	1	1
PGF_00043224	1	1	1
PGF_00044709	1	1	1
PGF_00044963	1	1	1
PGF_00045726	1	1	1
PGF_00045734	1	1	2
PGF_00045738	1	1	1
PGF_00045747	1	1	1
PGF_00045833	1	1	1
PGF_00045864	1	1	1
PGF_00045900	1	1	1
PGF_00045929	1	2	1
PGF_00045941	1	1	1
PGF_00045963	1	1	1
PGF_00045999	1	1	1
PGF_00046060	1	1	1
PGF_00046131	2	2	2
PGF_00046197	1	1	1
PGF_00046224	1	1	1
PGF_00046345	1	1	1
PGF_00046403	1	2	1
PGF_00046622	1	1	1
PGF_00046915	1	1	1
PGF_00047078	1	1	1
PGF_00047093	1	1	1
PGF_00047208	1	1	1
PGF_00047598	1	0	1
PGF_00047728	1	1	1
PGF_00047730	1	1	1
PGF_00047732	1	1	1
PGF_00047734	1	1	1
PGF_00048240	1	1	1
PGF_00048249	1	1	1
PGF_00048333	1	1	1
PGF_00048474	1	1	1
PGF_00048476	1	1	1
PGF_00048480	1	1	1
PGF_00048528	1	1	1
PGF_00048556	1	1	1
PGF_00048560	1	1	1
PGF_00048586	1	1	1
PGF_00048640	1	1	1
PGF_00048641	1	1	1
PGF_00048643	1	1	1
PGF_00048645	1	1	1
PGF_00048782	1	1	1
PGF_00048829	1	1	1
PGF_00048840	1	1	1
PGF_00048846	1	1	1
PGF_00048926	1	1	1
PGF_00048933	1	1	1
PGF_00048936	1	1	1
PGF_00048985	1	1	1
PGF_00049228	1	1	1
PGF_00049304	2	1	2
PGF_00049330	1	1	1
PGF_00049362	1	1	1
PGF_00049363	1	1	1
PGF_00049461	1	1	1
PGF_00049555	1	1	1
PGF_00049581	1	1	1
PGF_00049706	1	1	1
PGF_00049727	1	1	1
PGF_00049786	1	1	1
PGF_00049827	1	1	1
PGF_00049828	1	1	1
PGF_00049837	1	1	1
PGF_00049840	1	1	1
PGF_00049844	1	1	1
PGF_00049847	1	1	1
PGF_00049854	1	1	1
PGF_00049858	1	1	1
PGF_00049860	1	1	1
PGF_00049877	1	2	1
PGF_00049889	1	1	1
PGF_00049893	1	1	1
PGF_00049896	1	1	1
PGF_00049901	1	1	1
PGF_00049904	1	1	1
PGF_00049906	1	1	1
PGF_00049909	1	1	1
PGF_00049970	1	1	1
PGF_00050001	1	1	1
PGF_00050048	1	2	1
PGF_00050055	1	1	1
PGF_00050059	1	1	1
PGF_00050442	1	1	1
PGF_00050512	1	1	1
PGF_00050557	1	1	1
PGF_00050601	1	1	1
PGF_00050911	1	1	1
PGF_00050995	1	1	1
PGF_00051015	1	1	1
PGF_00051097	1	1	1
PGF_00051120	1	1	1
PGF_00051247	1	1	1
PGF_00051253	1	1	1
PGF_00051430	1	1	1
PGF_00051525	1	1	1
PGF_00052013	1	0	1
PGF_00052208	1	1	1
PGF_00052214	1	1	1
PGF_00052238	1	1	1
PGF_00052312	1	1	1
PGF_00052321	1	1	1
PGF_00052359	2	2	2
PGF_00052421	1	1	1
PGF_00052556	1	1	1
PGF_00052565	1	1	1
PGF_00052674	1	1	1
PGF_00052943	1	1	1
PGF_00053059	1	1	1
PGF_00053548	1	1	1
PGF_00053700	2	2	2
PGF_00053770	1	1	1
PGF_00053966	1	1	1
PGF_00054172	1	1	1
PGF_00054343	2	2	2
PGF_00054383	1	1	1
PGF_00054476	1	1	1
PGF_00054480	1	1	1
PGF_00054528	1	1	1
PGF_00054551	1	1	1
PGF_00054883	1	1	1
PGF_00054920	1	1	1
PGF_00054960	1	1	1
PGF_00054961	1	1	1
PGF_00054964	1	1	1
PGF_00054986	2	2	2
PGF_00054988	2	2	2
PGF_00055052	1	1	1
PGF_00055095	1	1	1
PGF_00055099	1	1	1
PGF_00055400	1	1	1
PGF_00055471	1	1	1
PGF_00055634	1	1	1
PGF_00055728	1	1	1
PGF_00055741	1	1	1
PGF_00055771	1	1	1
PGF_00055788	1	1	1
PGF_00055816	1	1	1
PGF_00055966	1	1	1
PGF_00056138	1	1	1
PGF_00056273	1	1	1
PGF_00056496	1	1	1
PGF_00056498	1	1	1
PGF_00056559	1	1	1
PGF_00056662	1	1	1
PGF_00056712	1	1	1
PGF_00056809	1	1	1
PGF_00056828	1	1	1
PGF_00056883	1	1	1
PGF_00056897	1	1	1
PGF_00056900	1	1	1
PGF_00056935	1	1	1
PGF_00057016	1	1	1
PGF_00057028	1	1	1
PGF_00057032	1	1	1
PGF_00057160	1	1	1
PGF_00057248	1	1	1
PGF_00057270	1	1	1
PGF_00057374	1	1	1
PGF_00057399	1	1	1
PGF_00057402	1	1	1
PGF_00057430	1	1	1
PGF_00057445	1	1	1
PGF_00057483	1	1	1
PGF_00057485	1	1	1
PGF_00057488	1	1	1
PGF_00057872	1	1	1
PGF_00058386	1	1	1
PGF_00058558	1	1	1
PGF_00058631	1	1	1
PGF_00058645	1	0	1
PGF_00058648	1	1	1
PGF_00058732	1	1	1
PGF_00059034	1	1	1
PGF_00059036	1	1	1
PGF_00059092	1	1	1
PGF_00059516	1	1	1
PGF_00059604	11	11	11
PGF_00059965	1	1	1
PGF_00059970	1	1	1
PGF_00060332	1	1	1
PGF_00060377	0	1	1
PGF_00060409	1	1	1
PGF_00060414	1	1	1
PGF_00060428	2	2	2
PGF_00060431	1	1	1
PGF_00060478	1	1	1
PGF_00060519	1	1	1
PGF_00060720	1	1	1
PGF_00060889	1	1	1
PGF_00061003	1	1	1
PGF_00061049	1	1	1
PGF_00061098	1	1	1
PGF_00061115	1	1	1
PGF_00061250	1	1	1
PGF_00061607	1	1	1
PGF_00061948	1	1	1
PGF_00062023	1	1	1
PGF_00062027	1	1	1
PGF_00062045	1	1	1
PGF_00062058	1	1	1
PGF_00063152	1	1	1
PGF_00063186	1	1	1
PGF_00063791	1	2	1
PGF_00063916	1	1	1
PGF_00063938	1	1	1
PGF_00063944	1	1	1
PGF_00063948	1	1	1
PGF_00063954	1	1	1
PGF_00063974	1	1	1
PGF_00063999	1	1	1
PGF_00064132	1	1	1
PGF_00064163	1	1	1
PGF_00064169	1	1	1
PGF_00064171	1	1	1
PGF_00064280	1	1	1
PGF_00064378	1	1	1
PGF_00064393	1	1	1
PGF_00064436	1	1	1
PGF_00064460	1	1	1
PGF_00064839	1	1	1
PGF_00064897	1	1	1
PGF_00064933	1	1	1
PGF_00065462	1	2	1
PGF_00065734	1	1	1
PGF_00065784	1	1	1
PGF_00065887	1	1	1
PGF_00065900	1	1	1
PGF_00065999	2	2	2
PGF_00066028	1	1	1
PGF_00066123	1	1	1
PGF_00066195	1	1	1
PGF_00066203	1	1	1
PGF_00066214	2	2	2
PGF_00066215	2	2	2
PGF_00066216	2	2	2
PGF_00066218	2	2	2
PGF_00066223	1	1	1
PGF_00066239	1	1	1
PGF_00066260	1	1	1
PGF_00066270	1	1	1
PGF_00066309	1	1	1
PGF_00066550	1	1	1
PGF_00066553	1	1	1
PGF_00066854	1	1	1
PGF_00066859	1	1	1
PGF_00066867	1	1	1
PGF_00066906	1	1	1
PGF_00066930	1	1	1
PGF_00066964	1	1	1
PGF_00067063	1	1	1
PGF_00067129	1	1	1
PGF_00067188	1	1	1
PGF_00067277	1	1	1
PGF_00067382	1	1	1
PGF_00067401	1	1	1
PGF_00067412	1	1	1
PGF_00067470	1	1	1
PGF_00067547	1	1	1
PGF_00067554	1	1	1
PGF_00067739	1	1	1
PGF_00067897	1	1	1
PGF_00068000	1	1	1
PGF_00068055	1	1	1
PGF_00069368	1	1	1
PGF_00069558	1	1	1
PGF_00070432	1	1	1
PGF_00070754	1	1	1
PGF_00070916	2	2	2
PGF_00070995	3	3	3
PGF_00071051	1	1	1
PGF_00071068	1	1	1
PGF_00071194	1	1	1
PGF_00071654	1	2	1
PGF_00072153	1	1	1
PGF_00072335	2	2	2
PGF_00072347	1	1	1
PGF_00072486	1	1	1
PGF_00073098	1	1	1
PGF_00074047	1	1	1
PGF_00079191	0	1	0
PGF_00081824	1	1	1
PGF_00084324	1	1	1
PGF_00084680	1	1	1
PGF_00086673	1	1	1
PGF_00098611	4	4	4
PGF_00105337	1	1	1
PGF_00108793	1	1	1
PGF_00109481	1	1	1
PGF_00111176	1	2	1
PGF_00113984	1	1	1
PGF_00114598	1	0	0
PGF_00117359	1	1	1
PGF_00118644	1	1	1
PGF_00122094	1	0	1
PGF_00123713	1	1	1
PGF_00125348	1	1	1
PGF_00126640	2	1	1
PGF_00129168	1	1	1
PGF_00130916	1	1	1
PGF_00131272	1	1	1
PGF_00137998	1	0	0
PGF_00141162	1	1	2
PGF_00143105	1	1	1
PGF_00144272	1	1	1
PGF_00145797	1	1	1
PGF_00151424	1	0	0
PGF_00151933	1	1	1
PGF_00151959	0	0	1
PGF_00156490	1	1	1
PGF_00159484	1	1	1
PGF_00160649	1	0	0
PGF_00167910	1	1	1
PGF_00169159	1	1	1
PGF_00172204	1	1	1
PGF_00175255	1	1	1
PGF_00175429	1	1	1
PGF_00176257	1	0	1
PGF_00176718	1	1	1
PGF_00178044	1	1	1
PGF_00184522	1	0	0
PGF_00190642	0	1	0
PGF_00194700	1	1	1
PGF_00204406	1	1	1
PGF_00208269	1	0	0
PGF_00208506	1	0	0
PGF_00212465	2	2	2
PGF_00212774	1	1	1
PGF_00213073	1	1	1
PGF_00217736	1	1	1
PGF_00222644	7	7	7
PGF_00232221	1	1	1
PGF_00238221	1	1	1
PGF_00239178	1	1	1
PGF_00250507	1	1	1
PGF_00252676	1	1	1
PGF_00255269	1	1	1
PGF_00259969	0	0	1
PGF_00261173	1	1	1
PGF_00266197	1	0	1
PGF_00268687	1	0	3
PGF_00271767	1	1	1
PGF_00275556	1	1	1
PGF_00275905	1	1	1
PGF_00278757	1	1	1
PGF_00285620	1	1	1
PGF_00295936	1	1	1
PGF_00304641	1	1	1
PGF_00307973	2	2	2
PGF_00308413	1	0	0
PGF_00311023	1	1	1
PGF_00311178	1	1	1
PGF_00311256	1	1	1
PGF_00315101	1	1	1
PGF_00321669	1	1	1
PGF_00322829	1	0	0
PGF_00323441	0	1	1
PGF_00323848	0	1	0
PGF_00324476	2	4	2
PGF_00327648	1	1	1
PGF_00328183	1	1	1
PGF_00329637	1	1	1
PGF_00334388	1	1	1
PGF_00336310	1	1	1
PGF_00336880	1	1	1
PGF_00342037	1	1	1
PGF_00345290	2	2	2
PGF_00345516	1	1	2
PGF_00348797	1	0	0
PGF_00350921	1	1	1
PGF_00364704	1	1	1
PGF_00365400	1	1	1
PGF_00369871	1	0	0
PGF_00371963	1	1	1
PGF_00373490	1	1	1
PGF_00375606	1	1	1
PGF_00379870	1	1	1
PGF_00380153	1	1	1
PGF_00380777	1	1	1
PGF_00381100	1	1	1
PGF_00382347	1	1	1
PGF_00384624	1	1	1
PGF_00384652	1	1	1
PGF_00393545	1	2	1
PGF_00396461	1	1	1
PGF_00397755	1	1	1
PGF_00399621	1	1	1
PGF_00399673	1	1	1
PGF_00399758	1	1	1
PGF_00400595	2	2	2
PGF_00401031	1	1	1
PGF_00401071	1	1	1
PGF_00401190	1	1	1
PGF_00401752	1	1	1
PGF_00402034	2	2	2
PGF_00402103	1	0	1
PGF_00402268	1	1	1
PGF_00402817	1	1	1
PGF_00403762	1	1	1
PGF_00403769	1	1	1
PGF_00403997	1	1	1
PGF_00404078	1	1	1
PGF_00404194	1	1	1
PGF_00404293	1	1	1
PGF_00404295	1	1	1
PGF_00404384	1	1	1
PGF_00404491	1	1	1
PGF_00404536	1	1	1
PGF_00404703	1	1	1
PGF_00404743	1	1	1
PGF_00404817	1	1	1
PGF_00405721	1	1	1
PGF_00406608	1	1	1
PGF_00406609	1	1	1
PGF_00406692	1	1	1
PGF_00407093	1	1	1
PGF_00407331	1	1	1
PGF_00408761	1	1	1
PGF_00408944	1	1	1
PGF_00409679	1	1	1
PGF_00409921	1	1	1
PGF_00410540	1	1	1
PGF_00410883	1	1	1
PGF_00412163	3	2	3
PGF_00412178	1	1	1
PGF_00412288	1	1	1
PGF_00412310	1	1	1
PGF_00412575	1	1	1
PGF_00412703	1	1	1
PGF_00412826	1	1	1
PGF_00412885	1	1	1
PGF_00412900	1	1	1
PGF_00413203	1	1	1
PGF_00413208	1	1	1
PGF_00413250	1	1	1
PGF_00413266	1	1	1
PGF_00413284	1	1	1
PGF_00413290	1	1	1
PGF_00413295	1	1	1
PGF_00413298	1	1	1
PGF_00413300	1	1	1
PGF_00413306	1	1	1
PGF_00413351	1	1	1
PGF_00413503	1	1	1
PGF_00413554	1	1	1
PGF_00413742	1	1	1
PGF_00414085	1	1	1
PGF_00414310	1	1	1
PGF_00414313	1	1	1
PGF_00414710	1	1	1
PGF_00415074	1	1	1
PGF_00415118	1	1	1
PGF_00415150	1	1	1
PGF_00415243	1	1	1
PGF_00415486	1	1	1
PGF_00415551	1	1	1
PGF_00415571	1	1	1
PGF_00415581	1	1	1
PGF_00415607	1	1	1
PGF_00415637	1	1	1
PGF_00415652	1	1	1
PGF_00415671	1	1	1
PGF_00415840	1	1	1
PGF_00415856	1	1	1
PGF_00415936	1	1	1
PGF_00416115	1	1	1
PGF_00416129	1	1	1
PGF_00416197	1	1	1
PGF_00416215	1	1	1
PGF_00416410	1	1	1
PGF_00416525	2	2	2
PGF_00416552	1	1	1
PGF_00416622	1	1	1
PGF_00416623	1	1	1
PGF_00416674	1	1	1
PGF_00416830	1	2	1
PGF_00417249	1	1	1
PGF_00417366	1	1	1
PGF_00417376	1	0	1
PGF_00417433	1	1	1
PGF_00417457	1	1	1
PGF_00417552	2	1	2
PGF_00417577	1	1	1
PGF_00417658	1	1	1
PGF_00417682	1	1	1
PGF_00417755	1	1	1
PGF_00417816	1	1	1
PGF_00417840	1	1	1
PGF_00418045	1	1	1
PGF_00418128	1	1	1
PGF_00418178	1	1	1
PGF_00418244	1	1	1
PGF_00418252	1	1	1
PGF_00418254	1	1	1
PGF_00418262	1	1	1
PGF_00418266	1	1	1
PGF_00418368	1	1	1
PGF_00418406	1	1	1
PGF_00418542	2	1	2
PGF_00418626	1	1	1
PGF_00418710	1	1	1
PGF_00418744	1	1	1
PGF_00418944	1	1	1
PGF_00419415	1	1	1
PGF_00419419	1	1	1
PGF_00419420	1	1	1
PGF_00419435	1	1	1
PGF_00419487	1	1	1
PGF_00419526	1	1	1
PGF_00419596	1	1	1
PGF_00419627	1	1	1
PGF_00419628	2	2	2
PGF_00419694	1	1	1
PGF_00419702	1	1	1
PGF_00419899	1	1	1
PGF_00419913	1	1	1
PGF_00419915	1	1	1
PGF_00420121	1	1	1
PGF_00420152	1	1	1
PGF_00420155	1	1	1
PGF_00420358	1	1	1
PGF_00420363	1	1	1
PGF_00420375	1	1	1
PGF_00420482	1	1	1
PGF_00420496	1	1	1
PGF_00420572	1	1	1
PGF_00420582	1	1	1
PGF_00420584	1	1	1
PGF_00420762	1	1	1
PGF_00420781	1	1	1
PGF_00420792	1	1	1
PGF_00420851	1	1	1
PGF_00420891	1	1	1
PGF_00420903	1	1	1
PGF_00420913	1	1	1
PGF_00420928	1	1	1
PGF_00420947	1	1	1
PGF_00420992	1	1	1
PGF_00421013	1	1	1
PGF_00421080	1	1	1
PGF_00421082	1	1	1
PGF_00421103	1	0	1
PGF_00421267	1	1	1
PGF_00421489	1	1	1
PGF_00421498	1	1	1
PGF_00421589	1	1	1
PGF_00421679	1	1	1
PGF_00421733	1	1	1
PGF_00421792	1	1	1
PGF_00421796	1	1	1
PGF_00421908	1	1	1
PGF_00422000	1	1	1
PGF_00422162	1	1	1
PGF_00422163	1	1	1
PGF_00422183	1	1	1
PGF_00422248	1	1	1
PGF_00422271	1	1	1
PGF_00422530	1	1	1
PGF_00422622	1	1	1
PGF_00422633	1	1	1
PGF_00422651	1	1	1
PGF_00422656	1	1	1
PGF_00422724	1	1	1
PGF_00422728	1	1	1
PGF_00422918	1	1	1
PGF_00422923	1	1	1
PGF_00422959	1	1	1
PGF_00423089	1	1	1
PGF_00423097	1	1	1
PGF_00423214	1	1	1
PGF_00423225	1	1	1
PGF_00423266	1	1	1
PGF_00423317	1	1	1
PGF_00423335	1	1	1
PGF_00423361	1	1	1
PGF_00423378	2	2	2
PGF_00423469	1	1	1
PGF_00423530	2	2	2
PGF_00423533	1	1	1
PGF_00423560	3	3	3
PGF_00423604	1	1	1
PGF_00423663	1	1	1
PGF_00423668	1	1	1
PGF_00423927	1	1	1
PGF_00424051	1	1	1
PGF_00424123	1	1	1
PGF_00424254	1	1	1
PGF_00424298	1	1	1
PGF_00424339	1	1	1
PGF_00424447	1	1	1
PGF_00424496	1	1	1
PGF_00424569	2	2	2
PGF_00424601	2	1	2
PGF_00424627	1	1	1
PGF_00424633	1	1	1
PGF_00424717	1	1	1
PGF_00424751	1	1	1
PGF_00424753	1	1	1
PGF_00424755	1	1	1
PGF_00424971	1	1	1
PGF_00425011	2	2	2
PGF_00425024	1	1	1
PGF_00425070	3	3	3
PGF_00425143	1	1	1
PGF_00425158	1	1	1
PGF_00425214	1	1	1
PGF_00425679	1	1	1
PGF_00425684	1	1	1
PGF_00425710	1	1	1
PGF_00425828	1	1	1
PGF_00425847	1	1	1
PGF_00425857	1	1	1
PGF_00425870	1	1	0
PGF_00425889	1	1	1
PGF_00425900	1	1	1
PGF_00425902	1	1	1
PGF_00425950	1	1	1
PGF_00425967	2	2	2
PGF_00425982	1	1	1
PGF_00425985	1	1	1
PGF_00425997	1	1	1
PGF_00426015	1	1	1
PGF_00426016	1	1	1
PGF_00426019	1	1	1
PGF_00426020	1	1	1
PGF_00426021	1	1	1
PGF_00426022	1	1	1
PGF_00426023	1	1	1
PGF_00426024	1	1	1
PGF_00426025	1	1	1
PGF_00426026	1	1	1
PGF_00426027	1	1	1
PGF_00426028	1	1	1
PGF_00426030	1	1	1
PGF_00426031	1	1	1
PGF_00426032	1	1	1
PGF_00426034	1	1	1
PGF_00426035	1	1	1
PGF_00426037	1	1	1
PGF_00426038	1	1	1
PGF_00426047	1	1	1
PGF_00426048	1	1	1
PGF_00426049	1	1	1
PGF_00426050	1	1	1
PGF_00426051	1	1	1
PGF_00426052	2	2	2
PGF_00426053	1	1	1
PGF_00426054	1	1	1
PGF_00426055	1	1	1
PGF_00426056	1	1	1
PGF_00426058	1	1	1
PGF_00426060	1	1	1
PGF_00426061	1	1	1
PGF_00426062	1	1	1
PGF_00426063	1	1	1
PGF_00426064	1	1	1
PGF_00426065	2	2	2
PGF_00426066	1	1	1
PGF_00426067	1	1	1
PGF_00426071	1	1	1
PGF_00426074	1	1	1
PGF_00426075	2	1	2
PGF_00426076	1	1	1
PGF_00426078	1	1	1
PGF_00426079	1	1	1
PGF_00426081	1	1	1
PGF_00426083	1	1	1
PGF_00426084	1	1	1
PGF_00426085	1	1	1
PGF_00426086	1	1	1
PGF_00426087	1	1	1
PGF_00426088	2	2	2
PGF_00426089	1	1	1
PGF_00426090	1	1	1
PGF_00426091	1	1	1
PGF_00426092	1	1	1
PGF_00426094	1	1	1
PGF_00426095	1	1	1
PGF_00426096	1	1	1
PGF_00426098	1	1	1
PGF_00426100	1	1	1
PGF_00426101	1	1	1
PGF_00426102	1	1	1
PGF_00426103	1	1	1
PGF_00426104	1	1	1
PGF_00426106	1	1	1
PGF_00426107	1	1	1
PGF_00426108	1	1	1
PGF_00426109	1	1	1
PGF_00426110	1	1	1
PGF_00426111	1	1	1
PGF_00426112	1	1	1
PGF_00426113	1	1	1
PGF_00426115	1	1	1
PGF_00426119	1	1	1
PGF_00426120	1	1	1
PGF_00426121	1	1	1
PGF_00426122	1	1	1
PGF_00426124	1	1	1
PGF_00426127	1	1	1
PGF_00426128	0	1	1
PGF_00426129	1	1	1
PGF_00426130	1	1	1
PGF_00426133	1	1	1
PGF_00426134	1	1	1
PGF_00426135	1	1	1
PGF_00426136	2	2	2
PGF_00426137	1	1	1
PGF_00426138	1	1	1
PGF_00426139	1	1	1
PGF_00426140	1	1	1
PGF_00426141	1	1	1
PGF_00426144	1	1	1
PGF_00426145	1	1	1
PGF_00426146	1	1	1
PGF_00426147	1	1	1
PGF_00426148	1	1	1
PGF_00426149	1	1	1
PGF_00426151	1	1	1
PGF_00426153	1	1	1
PGF_00426154	1	1	1
PGF_00426156	1	1	1
PGF_00426157	1	1	1
PGF_00426158	1	1	1
PGF_00426159	1	1	1
PGF_00426161	1	1	1
PGF_00426162	1	1	1
PGF_00426165	1	1	1
PGF_00426166	1	1	1
PGF_00426167	0	1	1
PGF_00426169	1	1	1
PGF_00426171	1	1	1
PGF_00426172	1	1	1
PGF_00426173	1	1	1
PGF_00426174	1	1	1
PGF_00426175	1	0	0
PGF_00426176	1	1	1
PGF_00426177	1	1	1
PGF_00426178	1	1	1
PGF_00426181	1	1	1
PGF_00426182	1	1	1
PGF_00426183	1	1	1
PGF_00426184	1	1	1
PGF_00426185	1	1	1
PGF_00426186	1	1	1
PGF_00426187	1	1	1
PGF_00426191	1	1	1
PGF_00426193	1	1	1
PGF_00426194	1	1	1
PGF_00426195	1	1	1
PGF_00426197	1	1	1
PGF_00426198	1	1	1
PGF_00426199	1	1	1
PGF_00426200	2	2	2
PGF_00426201	1	1	1
PGF_00426202	1	1	1
PGF_00426203	1	1	1
PGF_00426204	1	1	1
PGF_00426205	1	1	1
PGF_00426206	1	1	1
PGF_00426207	1	1	1
PGF_00426208	1	1	1
PGF_00426209	1	1	1
PGF_00426210	1	1	1
PGF_00426211	1	1	1
PGF_00426212	1	1	1
PGF_00426213	1	1	1
PGF_00426236	1	1	1
PGF_00426269	1	1	1
PGF_00426281	1	1	1
PGF_00426377	1	1	1
PGF_00426474	1	1	1
PGF_00426531	1	1	1
PGF_00426593	2	2	2
PGF_00426620	1	1	1
PGF_00426623	1	1	1
PGF_00426629	1	1	1
PGF_00426722	1	1	1
PGF_00426932	1	1	1
PGF_00426939	1	1	1
PGF_00427005	1	1	1
PGF_00427109	1	1	1
PGF_00427299	1	1	1
PGF_00435859	1	1	1
PGF_00435866	1	1	1
PGF_00447508	1	1	1
PGF_00471668	1	1	1
PGF_00473519	1	1	1
PGF_00474012	1	1	1
PGF_00482828	1	1	1
PGF_00489714	1	1	1
PGF_00497557	1	1	1
PGF_00502238	1	1	1
PGF_00508272	1	1	1
PGF_00529632	1	1	1
PGF_00538878	1	1	1
PGF_00546752	1	1	1
PGF_00549302	1	1	1
PGF_00556976	1	1	1
PGF_00560289	2	2	2
PGF_00565351	1	1	1
PGF_00565509	1	1	1
PGF_00565750	1	1	1
PGF_00568701	1	1	1
PGF_00569671	2	2	2
PGF_00570239	3	2	3
PGF_00572317	1	1	1
PGF_00577820	1	1	1
PGF_00585913	1	1	1
PGF_00596539	1	1	1
PGF_00599203	1	1	1
PGF_00600144	1	1	1
PGF_00618776	1	1	1
PGF_00624653	1	1	1
PGF_00625415	1	1	1
PGF_00625587	2	3	2
PGF_00634936	1	1	1
PGF_00644734	1	1	1
PGF_00645046	1	1	1
PGF_00645449	1	1	1
PGF_00647884	1	1	1
PGF_00648054	1	1	1
PGF_00649271	1	1	1
PGF_00655628	1	1	1
PGF_00659194	1	1	1
PGF_00659286	1	1	1
PGF_00662997	1	1	1
PGF_00664069	1	1	1
PGF_00664868	1	1	1
PGF_00665875	1	1	1
PGF_00668429	2	1	2
PGF_00668579	1	1	1
PGF_00669749	1	1	1
PGF_00677532	1	1	1
PGF_00685421	1	1	1
PGF_00688906	1	1	1
PGF_00689338	1	1	1
PGF_00692866	2	2	2
PGF_00693855	1	1	1
PGF_00694978	2	2	2
PGF_00695458	1	1	1
PGF_00696203	1	1	1
PGF_00700253	2	2	2
PGF_00702199	1	1	1
PGF_00704717	1	1	1
PGF_00706032	1	1	1
PGF_00709443	1	1	1
PGF_00709627	2	2	2
PGF_00714681	1	1	1
PGF_00721835	1	1	1
PGF_00722309	1	1	1
PGF_00722831	1	1	1
PGF_00723852	2	2	2
PGF_00725031	1	1	1
PGF_00725839	1	1	1
PGF_00730641	1	1	1
PGF_00731239	1	1	1
PGF_00734221	1	1	1
PGF_00734751	1	1	1
PGF_00740590	1	1	1
PGF_00741652	1	1	1
PGF_00743180	1	1	1
PGF_00747014	2	2	2
PGF_00754583	1	1	1
PGF_00764778	1	1	1
PGF_00769755	1	1	1
PGF_00771649	1	1	1
PGF_00772015	1	1	1
PGF_00774927	1	1	1
PGF_00777371	1	1	1
PGF_00777996	1	1	1
PGF_00791115	1	1	1
PGF_00799171	1	1	1
PGF_00800643	1	1	1
PGF_00802025	1	1	1
PGF_00802624	1	1	1
PGF_00816319	2	2	2
PGF_00821117	1	1	1
PGF_00827555	1	1	1
PGF_00833868	1	1	1
PGF_00835519	1	1	1
PGF_00841507	1	1	1
PGF_00843393	1	1	1
PGF_00843497	1	1	1
PGF_00843584	2	2	2
PGF_00845461	2	2	2
PGF_00846597	1	1	1
PGF_00846659	3	3	3
PGF_00852195	1	1	1
PGF_00852963	1	1	1
PGF_00853393	1	1	1
PGF_00861512	1	1	1
PGF_00861656	1	1	1
PGF_00863103	1	1	1
PGF_00872427	1	1	1
PGF_00874759	1	1	1
PGF_00875598	1	1	1
PGF_00876106	1	1	1
PGF_00883856	1	1	1
PGF_00886151	1	1	1
PGF_00889118	1	1	1
PGF_00891636	1	1	1
PGF_00894939	1	1	1
PGF_00899452	1	1	1
PGF_00900122	1	1	1
PGF_00900256	1	1	1
PGF_00904835	1	1	1
PGF_00905389	1	1	1
PGF_00906364	1	1	1
PGF_00909019	2	1	2
PGF_00911315	1	1	1
PGF_00912265	1	1	1
PGF_00912542	1	1	1
PGF_00915542	1	1	1
PGF_00915896	1	1	1
PGF_00922738	1	2	1
PGF_00922902	1	1	1
PGF_00925844	1	1	1
PGF_00926109	1	1	1
PGF_00934261	2	2	2
PGF_00943546	1	1	1
PGF_00950554	1	1	1
PGF_00957419	1	1	1
PGF_00960888	1	1	1
PGF_00963206	1	1	1
PGF_00970735	1	1	1
PGF_00977704	1	1	1
PGF_00980481	1	1	1
PGF_00981596	4	4	4
PGF_00982259	1	1	1
PGF_00983050	1	1	1
PGF_00985248	1	1	1
PGF_00989145	2	3	2
PGF_00989656	1	1	1
PGF_00998641	1	1	1
PGF_01007468	1	1	1
PGF_01008498	1	1	1
PGF_01008556	1	1	1
PGF_01012358	1	1	1
PGF_01013154	1	1	1
PGF_01014075	1	1	1
PGF_01016954	1	1	1
PGF_01023346	1	1	1
PGF_01026260	1	1	1
PGF_01030706	2	2	2
PGF_01030708	1	1	1
PGF_01030709	2	2	2
PGF_01030710	1	1	1
PGF_01030713	1	1	1
PGF_01030714	1	1	1
PGF_01030718	1	1	1
PGF_01030719	1	1	1
PGF_01030720	1	1	1
PGF_01030721	1	1	1
PGF_01030722	1	1	1
PGF_01030723	1	1	1
PGF_01030725	1	1	1
PGF_01030726	1	1	1
PGF_01030727	1	1	1
PGF_01030729	1	1	1
PGF_01030731	1	1	1
PGF_01030732	1	1	1
PGF_01030733	1	1	1
PGF_01030734	1	1	1
PGF_01030736	1	1	1
PGF_01030740	1	1	1
PGF_01030741	1	1	1
PGF_01030742	1	1	1
PGF_01030743	1	1	1
PGF_01030746	1	1	1
PGF_01030747	1	1	1
PGF_01030750	1	1	1
PGF_01030751	1	1	1
PGF_01030752	1	1	1
PGF_01030753	0	1	1
PGF_01030754	1	1	1
PGF_01030757	1	1	1
PGF_01030758	1	1	1
PGF_01030760	1	1	1
PGF_01030761	1	1	1
PGF_01030762	1	1	1
PGF_01030763	1	1	1
PGF_01030764	1	1	1
PGF_01030765	1	1	1
PGF_01030766	1	1	1
PGF_01030769	1	1	1
PGF_01030770	1	1	1
PGF_01030772	1	1	1
PGF_01030773	1	1	1
PGF_01030778	0	1	1
PGF_01030779	1	1	1
PGF_01030780	1	1	1
PGF_01030781	1	1	1
PGF_01030782	1	1	1
PGF_01030783	1	1	1
PGF_01030784	1	1	1
PGF_01030785	1	1	1
PGF_01030788	1	1	1
PGF_01030789	1	1	1
PGF_01030791	0	1	1
PGF_01030792	1	2	1
PGF_01030793	1	1	1
PGF_01030795	1	1	1
PGF_01030796	1	1	1
PGF_01030797	1	1	1
PGF_01030798	0	1	1
PGF_01030800	1	1	1
PGF_01030803	1	1	1
PGF_01030804	1	1	1
PGF_01030807	1	1	1
PGF_01030814	1	1	1
PGF_01030815	1	1	1
PGF_01030816	1	1	1
PGF_01030817	1	1	1
PGF_01030819	1	1	1
PGF_01030820	1	1	1
PGF_01030821	1	1	1
PGF_01030823	1	1	1
PGF_01030827	2	1	1
PGF_01030829	1	1	1
PGF_01030831	1	1	1
PGF_01030832	1	1	1
PGF_01030834	1	1	1
PGF_01030835	1	1	1
PGF_01030836	1	1	1
PGF_01030838	1	1	1
PGF_01030840	1	1	1
PGF_01030841	1	1	1
PGF_01030842	1	1	1
PGF_01030843	1	1	1
PGF_01030844	1	1	1
PGF_01030845	1	1	1
PGF_01030846	1	1	1
PGF_01030847	1	1	1
PGF_01030849	1	1	1
PGF_01030850	1	1	1
PGF_01030851	1	1	1
PGF_01030853	1	1	1
PGF_01030854	1	1	1
PGF_01030855	1	1	1
PGF_01030856	1	1	1
PGF_01030857	0	1	1
PGF_01030859	1	1	1
PGF_01030862	1	1	1
PGF_01030864	1	1	1
PGF_01030866	1	1	1
PGF_01030867	0	1	1
PGF_01030869	1	1	1
PGF_01030873	1	1	1
PGF_01030874	1	1	1
PGF_01030876	1	1	1
PGF_01030877	1	1	1
PGF_01030878	1	1	1
PGF_01030879	0	1	1
PGF_01030881	1	1	1
PGF_01030885	0	1	0
PGF_01030888	1	1	1
PGF_01030889	1	0	0
PGF_01030890	1	1	1
PGF_01030891	1	1	1
PGF_01030892	1	1	1
PGF_01030894	1	1	1
PGF_01030897	1	1	1
PGF_01030898	1	1	1
PGF_01030899	1	1	1
PGF_01030901	1	1	1
PGF_01030902	1	1	1
PGF_01030903	1	1	1
PGF_01030905	1	1	1
PGF_01030907	1	1	1
PGF_01030909	1	1	1
PGF_01030910	1	1	1
PGF_01030912	1	1	1
PGF_01030913	1	1	1
PGF_01030915	1	1	1
PGF_01030918	1	1	1
PGF_01030919	0	1	1
PGF_01030920	1	1	1
PGF_01030921	0	1	1
PGF_01030925	1	1	1
PGF_01030926	1	1	1
PGF_01030927	1	1	1
PGF_01030928	0	1	1
PGF_01030929	1	1	1
PGF_01030931	1	0	1
PGF_01030935	1	1	1
PGF_01030936	1	1	1
PGF_01030939	1	1	1
PGF_01030943	1	1	1
PGF_01030945	0	1	1
PGF_01030946	1	1	1
PGF_01030949	1	1	1
PGF_01030954	0	1	1
PGF_01030955	1	1	1
PGF_01030956	1	1	1
PGF_01030961	1	1	1
PGF_01030965	0	0	1
PGF_01030968	0	1	1
PGF_01030970	1	1	0
PGF_01030974	0	1	1
PGF_01030978	1	1	1
PGF_01030979	1	1	1
PGF_01030981	0	1	0
PGF_01030983	1	1	1
PGF_01030984	1	1	1
PGF_01030987	1	0	1
PGF_01030989	1	1	1
PGF_01030990	1	1	1
PGF_01030992	1	1	1
PGF_01030994	0	1	0
PGF_01030996	1	1	1
PGF_01030997	1	1	0
PGF_01031000	1	1	1
PGF_01031002	0	1	1
PGF_01031012	1	0	1
PGF_01031016	1	1	1
PGF_01031018	0	1	1
PGF_01031023	1	1	0
PGF_01031025	1	1	1
PGF_01031033	0	1	0
PGF_01031036	1	1	1
PGF_01031045	1	1	1
PGF_01031049	1	1	1
PGF_01031058	1	1	1
PGF_01031060	1	0	1
PGF_01031061	1	1	1
PGF_01031063	1	0	0
PGF_01031064	1	1	0
PGF_01031073	0	0	1
PGF_01031075	1	0	0
PGF_01031081	0	1	0
PGF_01031086	1	0	1
PGF_01031090	1	0	0
PGF_01031092	1	0	0
PGF_01031094	1	0	0
PGF_01031096	1	1	1
PGF_01031098	1	1	1
PGF_01031099	1	1	1
PGF_01031101	1	0	1
PGF_01031107	1	1	1
PGF_01031108	0	1	1
PGF_01031109	1	1	1
PGF_01031111	1	1	1
PGF_01031112	1	0	1
PGF_01031122	1	0	0
PGF_01031123	1	1	1
PGF_01031124	1	0	1
PGF_01031125	1	1	1
PGF_01031126	1	1	1
PGF_01031129	0	1	1
PGF_01031132	1	1	1
PGF_01031138	1	1	1
PGF_01031139	1	1	1
PGF_01031144	1	0	0
PGF_01031145	1	1	1
PGF_01031148	1	0	1
PGF_01031149	1	1	1
PGF_01031151	1	0	0
PGF_01031155	1	1	1
PGF_01031156	1	1	1
PGF_01031159	1	0	1
PGF_01031161	1	1	1
PGF_01031164	1	0	0
PGF_01031170	1	0	1
PGF_01031186	1	0	0
PGF_01031192	1	0	1
PGF_01031194	1	0	0
PGF_01031197	1	1	1
PGF_01031198	1	1	1
PGF_01031204	1	0	0
PGF_01031206	1	0	0
PGF_01031214	1	1	1
PGF_01031215	1	0	0
PGF_01031217	1	0	0
PGF_01031221	1	0	0
PGF_01031222	1	0	0
PGF_01031223	1	0	0
PGF_01031224	1	0	1
PGF_01031227	1	1	1
PGF_01031228	1	1	1
PGF_01031230	1	0	0
PGF_01031232	1	0	0
PGF_01031234	1	0	0
PGF_01031236	1	1	1
PGF_01031237	1	0	0
PGF_01031238	1	0	0
PGF_01031240	1	0	0
PGF_01031241	1	0	0
PGF_01031243	1	0	0
PGF_01031245	1	0	0
PGF_01031246	1	0	0
PGF_01031247	1	0	1
PGF_01031248	1	0	0
PGF_01031250	1	0	0
PGF_01031251	1	0	0
PGF_01031252	1	0	0
PGF_01031255	1	0	0
PGF_01031256	1	0	0
PGF_01031258	1	1	1
PGF_01031259	1	0	0
PGF_01031260	1	0	0
PGF_01031261	1	0	0
PGF_01031262	1	1	1
PGF_01031263	1	0	0
PGF_01031264	1	0	0
PGF_01031265	1	0	0
PGF_01031266	1	0	0
PGF_01031267	1	0	0
PGF_01031268	1	0	0
PGF_01031269	1	1	1
PGF_01031271	1	0	0
PGF_01031272	1	0	0
PGF_01031273	1	0	0
PGF_01031274	1	0	0
PGF_01031275	1	0	0
PGF_01031277	1	0	1
PGF_01031278	1	0	0
PGF_01031279	1	0	0
PGF_01031282	1	0	0
PGF_01031283	1	1	1
PGF_01031285	1	1	1
PGF_01031286	0	1	0
PGF_01031288	1	0	2
PGF_01031292	0	0	1
PGF_01031294	1	0	0
PGF_01031296	1	0	1
PGF_01031302	1	1	1
PGF_01031303	1	1	0
PGF_01031304	1	1	1
PGF_01031306	1	1	0
PGF_01031307	1	0	0
PGF_01031312	1	0	0
PGF_01031313	1	0	0
PGF_01031314	1	1	1
PGF_01031315	1	1	1
PGF_01031319	1	1	1
PGF_01031320	1	0	0
PGF_01031321	1	0	0
PGF_01031333	1	0	0
PGF_01031334	1	0	0
PGF_01031339	1	0	0
PGF_01031343	0	1	0
PGF_01031353	1	0	0
PGF_01031356	1	0	0
PGF_01031371	1	0	0
PGF_01031376	0	0	1
PGF_01031377	1	0	0
PGF_01031378	1	1	1
PGF_01031401	1	0	1
PGF_01031434	1	0	1
PGF_01031436	1	0	0
PGF_01031452	0	1	0
PGF_01031455	11	5	6
PGF_01031458	1	0	0
PGF_01031475	1	0	1
PGF_01031476	1	0	0
PGF_01031492	1	0	0
PGF_01031518	1	0	0
PGF_01031533	0	0	1
PGF_01031602	1	0	0
PGF_01031640	1	0	1
PGF_01031689	1	0	1
PGF_01031743	1	0	0
PGF_01031824	1	0	0
PGF_01031851	0	1	0
PGF_01031909	1	0	0
PGF_01032146	1	0	0
PGF_01032236	1	0	0
PGF_01032329	1	0	0
PGF_01032496	1	0	0
PGF_01032514	2	1	2
PGF_01032899	2	2	2
PGF_01033007	1	0	0
PGF_01033031	3	3	3
PGF_01033088	1	0	0
PGF_01033111	0	1	0
PGF_01033295	1	0	0
PGF_01033345	0	1	1
PGF_01033583	1	1	1
PGF_01033585	1	1	1
PGF_01033587	1	1	1
PGF_01035206	6	6	6
PGF_01038291	1	1	1
PGF_01041734	1	1	1
PGF_01052212	1	1	1
PGF_01052498	1	1	1
PGF_01058078	1	1	1
PGF_01062433	15	14	15
PGF_01065911	1	1	1
PGF_01066253	1	1	1
PGF_01072302	1	1	1
PGF_01075581	1	1	1
PGF_01075854	1	2	1
PGF_01076590	1	1	1
PGF_01077980	1	1	1
PGF_01078985	4	4	4
PGF_01079016	1	1	1
PGF_01084030	1	1	1
PGF_01090298	8	8	8
PGF_01097903	1	1	1
PGF_01101526	1	1	1
PGF_01104399	1	1	1
PGF_01109741	1	1	1
PGF_01115747	1	1	1
PGF_01121714	1	1	1
PGF_01124177	1	1	1
PGF_01136362	1	1	1
PGF_01138219	1	1	1
PGF_01152135	2	1	2
PGF_01162681	1	1	1
PGF_01171915	1	1	1
PGF_01172404	1	1	1
PGF_01172431	1	1	1
PGF_01174739	1	1	1
PGF_01174787	1	1	1
PGF_01174807	1	1	1
PGF_01175575	1	1	1
PGF_01196008	1	1	1
PGF_01212739	1	1	1
PGF_01213715	1	1	1
PGF_01217629	1	1	1
PGF_01220766	1	1	1
PGF_01221497	1	1	1
PGF_01221876	1	1	1
PGF_01225591	1	1	1
PGF_01225816	1	1	1
PGF_01228159	47	49	48
PGF_01232770	1	1	1
PGF_01291803	1	1	1
PGF_01291823	1	1	1
PGF_01296193	1	1	1
PGF_01313623	2	2	2
PGF_01323228	1	1	1
PGF_01325304	1	1	1
PGF_01350798	1	1	1
PGF_01351158	1	1	1
PGF_01364427	1	1	1
PGF_01366266	1	1	1
PGF_01367201	1	1	1
PGF_01382519	1	1	1
PGF_01404160	1	1	1
PGF_01404212	1	1	1
PGF_01407825	4	4	4
PGF_01416568	1	1	1
PGF_01423501	1	1	1
PGF_01427545	1	1	1
PGF_01427606	1	1	1
PGF_01435544	2	2	2
PGF_01444546	1	1	1
PGF_01446257	1	1	1
PGF_01448253	1	1	1
PGF_01451911	1	1	1
PGF_01454542	1	1	1
PGF_01456294	1	1	1
PGF_01466742	1	1	1
PGF_01466819	1	1	1
PGF_01473615	1	1	1
PGF_01477459	1	1	1
PGF_01479532	2	2	2
PGF_01483460	1	1	1
PGF_01487876	1	1	1
PGF_01492612	1	1	1
PGF_01514111	1	1	1
PGF_01515965	1	1	1
PGF_01532393	1	1	1
PGF_01534328	1	1	1
PGF_01543774	1	1	1
PGF_01553314	1	1	1
PGF_01555249	1	1	1
PGF_01555804	1	1	1
PGF_01558104	3	3	3
PGF_01580528	1	1	1
PGF_01581893	1	1	1
PGF_01596042	1	1	1
PGF_01599021	2	2	2
PGF_01602421	1	1	1
PGF_01614738	1	1	1
PGF_01618915	1	1	1
PGF_01625234	3	3	3
PGF_01637850	1	1	1
PGF_01668012	2	1	2
PGF_01668974	1	1	1
PGF_01670799	1	1	1
PGF_01674551	1	1	1
PGF_01682537	1	1	1
PGF_01682834	1	1	1
PGF_01683258	1	1	1
PGF_01703337	1	1	1
PGF_01719396	1	1	1
PGF_01722824	1	1	1
PGF_01727524	1	1	1
PGF_01736391	1	1	1
PGF_01736730	1	1	1
PGF_01739753	1	1	1
PGF_01744781	1	1	1
PGF_01747364	1	1	1
PGF_01761890	1	1	1
PGF_01763778	1	1	1
PGF_01765417	1	1	1
PGF_01767680	1	1	1
PGF_01781129	2	2	2
PGF_01785347	1	1	1
PGF_01797166	2	2	2
PGF_01807700	1	1	1
PGF_01808437	1	1	1
PGF_01808490	1	1	1
PGF_01809599	1	1	1
PGF_01809758	1	1	1
PGF_01809791	1	1	1
PGF_01832663	2	2	2
PGF_01853493	1	1	1
PGF_01862412	5	4	4
PGF_01867628	1	1	1
PGF_01873735	1	1	1
PGF_01877133	1	1	1
PGF_01898497	1	1	1
PGF_01899924	1	1	1
PGF_01900746	1	1	1
PGF_01900768	1	1	1
PGF_01910737	1	1	1
PGF_01912476	1	1	1
PGF_01913107	1	1	1
PGF_01916207	2	2	2
PGF_01920535	1	1	1
PGF_01921605	1	1	1
PGF_01932859	1	1	1
PGF_01949788	1	1	1
PGF_01951985	1	1	1
PGF_01960322	1	1	1
PGF_01962206	1	1	1
PGF_01974399	1	1	1
PGF_01975680	1	1	1
PGF_01978299	1	1	1
PGF_01979630	2	2	2
PGF_01980520	1	1	1
PGF_01980954	1	1	1
PGF_01981185	1	1	1
PGF_01981332	6	6	6
PGF_01981390	1	1	1
PGF_01981422	1	1	1
PGF_01993620	2	3	2
PGF_01994657	1	1	1
PGF_02007322	5	5	5
PGF_02010018	1	1	1
PGF_02011760	1	1	1
PGF_02019462	1	1	1
PGF_02029456	1	1	1
PGF_02029783	1	1	1
PGF_02049468	3	2	3
PGF_02059020	1	1	1
PGF_02061452	2	2	2
PGF_02075241	1	1	1
PGF_02077893	1	1	1
PGF_02081898	1	0	1
PGF_02087077	1	1	1
PGF_02098099	1	1	1
PGF_02098447	1	1	1
PGF_02104610	1	1	1
PGF_02109968	2	2	2
PGF_02111888	1	1	1
PGF_02139427	1	1	1
PGF_02141097	1	1	1
PGF_02151062	1	1	1
PGF_02155126	1	1	1
PGF_02158014	1	1	1
PGF_02163042	1	1	1
PGF_02167922	1	1	1
PGF_02168439	1	1	1
PGF_02169237	1	1	1
PGF_02179609	14	14	14
PGF_02185217	1	1	1
PGF_02186693	1	1	1
PGF_02189252	1	1	1
PGF_02189333	1	1	1
PGF_02190909	1	1	1
PGF_02191833	1	1	1
PGF_02210259	4	4	4
PGF_02213182	1	1	1
PGF_02214878	1	1	1
PGF_02221334	1	1	1
PGF_02224568	1	1	1
PGF_02224810	1	1	1
PGF_02226715	1	1	1
PGF_02229454	1	1	1
PGF_02229751	2	2	2
PGF_02237971	1	1	1
PGF_02241222	3	3	3
PGF_02241616	1	1	1
PGF_02244871	5	5	5
PGF_02246349	1	1	1
PGF_02247058	1	1	1
PGF_02254418	1	1	1
PGF_02277678	1	1	1
PGF_02277802	1	1	1
PGF_02282777	1	1	1
PGF_02289999	1	1	1
PGF_02305305	1	1	1
PGF_02305709	2	2	2
PGF_02315018	1	1	1
PGF_02315316	3	3	3
PGF_02323834	1	1	1
PGF_02325838	1	1	1
PGF_02330496	2	2	2
PGF_02346669	1	1	1
PGF_02346768	1	1	1
PGF_02347716	3	3	3
PGF_02357230	2	2	2
PGF_02357764	1	1	1
PGF_02358818	2	2	2
PGF_02369559	1	1	1
PGF_02382389	1	1	1
PGF_02384845	1	1	1
PGF_02405545	1	1	1
PGF_02415711	2	2	2
PGF_02418941	2	2	2
PGF_02420191	1	1	1
PGF_02432027	1	1	1
PGF_02450432	1	1	1
PGF_02454577	1	1	1
PGF_02463284	1	1	1
PGF_02472165	1	1	1
PGF_02472178	1	1	1
PGF_02473279	1	1	1
PGF_02486196	1	1	1
PGF_02489591	1	1	1
PGF_02501663	1	1	1
PGF_02502130	6	6	6
PGF_02504770	4	4	4
PGF_02504945	1	1	1
PGF_02507218	1	1	1
PGF_02512719	1	1	1
PGF_02516666	1	1	1
PGF_02516909	1	1	1
PGF_02517283	1	1	1
PGF_02517984	1	1	1
PGF_02518459	1	1	1
PGF_02537450	2	2	2
PGF_02557763	2	2	2
PGF_02572938	1	1	1
PGF_02592886	1	1	1
PGF_02601796	1	1	1
PGF_02601905	1	1	1
PGF_02604083	1	1	1
PGF_02611620	1	1	1
PGF_02616869	1	1	1
PGF_02616875	1	0	0
PGF_02616983	1	1	1
PGF_02617008	1	1	1
PGF_02623406	1	1	1
PGF_02630640	1	1	1
PGF_02703381	1	1	1
PGF_02704551	1	1	1
PGF_02710247	1	1	1
PGF_02716734	2	2	2
PGF_02719231	1	1	1
PGF_02728524	1	1	1
PGF_02737642	5	4	5
PGF_02740181	1	1	1
PGF_02742746	1	1	1
PGF_02744871	1	1	1
PGF_02745613	1	1	1
PGF_02746009	1	1	1
PGF_02746237	1	1	1
PGF_02750259	2	2	2
PGF_02752986	1	1	1
PGF_02772091	2	2	2
PGF_02773452	1	1	1
PGF_02776739	1	1	1
PGF_02789532	1	2	1
PGF_02790700	1	1	1
PGF_02792560	1	1	1
PGF_02797400	1	1	1
PGF_02797402	1	1	1
PGF_02798113	1	1	1
PGF_02798941	1	1	1
PGF_02805694	1	1	1
PGF_02817932	1	1	1
PGF_02820072	2	2	2
PGF_02820109	1	1	1
PGF_02825959	1	1	1
PGF_02827614	1	1	1
PGF_02836627	1	1	1
PGF_02838109	1	1	1
PGF_02844091	1	1	1
PGF_02862285	1	1	1
PGF_02866109	1	1	1
PGF_02866545	1	1	1
PGF_02866666	1	1	1
PGF_02873160	1	1	1
PGF_02876359	1	1	1
PGF_02879799	1	1	1
PGF_02880208	6	6	6
PGF_02883702	1	1	1
PGF_02891004	2	2	2
PGF_02891342	1	1	1
PGF_02893929	1	1	1
PGF_02893930	1	1	1
PGF_02895613	1	1	1
PGF_02898096	1	1	1
PGF_02898134	1	1	0
PGF_02898176	1	1	1
PGF_02898791	1	1	1
PGF_02899131	1	1	1
PGF_02903501	1	1	1
PGF_02904832	1	1	1
PGF_02906681	1	1	1
PGF_02911133	1	1	1
PGF_02914953	1	1	1
PGF_02916457	1	1	1
PGF_02917750	2	2	2
PGF_02922854	1	1	1
PGF_02923127	1	1	1
PGF_02928964	1	1	1
PGF_02928973	1	1	1
PGF_02931322	1	1	1
PGF_02936332	1	1	1
PGF_02936973	1	1	1
PGF_02938228	1	1	1
PGF_02941580	1	1	1
PGF_02942182	1	1	1
PGF_02942351	1	1	1
PGF_02945251	1	1	1
PGF_02947204	1	1	1
PGF_02949574	1	1	1
PGF_02950579	1	1	1
PGF_02959749	1	1	1
PGF_02963785	1	1	1
PGF_02964292	1	1	1
PGF_02970964	1	1	1
PGF_02974371	1	1	1
PGF_02976396	1	1	1
PGF_02976863	1	1	1
PGF_02977258	2	2	2
PGF_02978397	1	1	1
PGF_02979277	2	2	2
PGF_02980852	1	1	1
PGF_02982550	1	1	1
PGF_02983541	1	1	1
PGF_02986208	1	1	1
PGF_02986428	1	1	1
PGF_02992100	1	1	1
PGF_02992495	1	1	1
PGF_02995555	1	1	1
PGF_03006190	1	1	1
PGF_03006590	1	1	1
PGF_03009868	1	1	1
PGF_03010412	1	1	1
PGF_03012323	1	1	1
PGF_03021302	1	1	1
PGF_03022560	1	1	1
PGF_03023910	1	1	1
PGF_03025044	1	1	1
PGF_03025675	1	1	1
PGF_03026450	1	1	1
PGF_03027834	2	1	2
PGF_03029859	1	1	1
PGF_03031015	1	1	1
PGF_03036196	1	1	1
PGF_03036276	1	1	1
PGF_03041139	1	1	1
PGF_03046709	1	1	1
PGF_03050772	1	1	1
PGF_03055851	1	1	1
PGF_03057384	1	1	1
PGF_03059539	1	1	1
PGF_03062230	1	1	1
PGF_03066317	1	1	1
PGF_03066520	2	2	2
PGF_03067324	1	1	1
PGF_03069524	1	1	1
PGF_03072132	1	1	1
PGF_03073672	1	1	1
PGF_03074362	1	1	1
PGF_03081665	1	1	1
PGF_03083888	1	1	1
PGF_03084794	1	1	1
PGF_03087517	1	1	1
PGF_03091295	1	0	1
PGF_03094694	1	1	1
PGF_03098086	2	3	2
PGF_03102253	1	1	1
PGF_03104485	1	1	1
PGF_03104567	1	1	1
PGF_03111507	4	4	4
PGF_03112345	1	1	1
PGF_03112453	2	2	2
PGF_03116802	1	1	1
PGF_03123676	1	1	1
PGF_03132364	1	1	1
PGF_03132467	1	1	1
PGF_03132690	1	1	1
PGF_03135047	1	1	1
PGF_03135168	1	1	1
PGF_03135926	1	1	1
PGF_03138644	1	1	1
PGF_03139652	1	1	1
PGF_03140041	1	1	1
PGF_03144011	1	1	1
PGF_03145455	1	1	1
PGF_03146406	1	1	1
PGF_03150302	1	1	1
PGF_03152253	1	1	1
PGF_03172858	1	1	1
PGF_03172904	1	1	1
PGF_03174068	1	1	1
PGF_03187392	1	1	1
PGF_03187833	1	1	1
PGF_03193165	1	1	1
PGF_03196821	1	1	1
PGF_03202871	1	1	1
PGF_03203461	1	1	1
PGF_03218766	1	1	1
PGF_03220261	1	1	1
PGF_03222913	1	1	1
PGF_03226829	1	1	1
PGF_03227648	1	1	1
PGF_03231557	1	0	0
PGF_03231750	4	3	4
PGF_03231762	1	1	1
PGF_03239701	1	1	1
PGF_03253896	1	1	1
PGF_03272313	1	1	1
PGF_03278866	1	1	1
PGF_03287477	1	1	1
PGF_03295002	1	1	1
PGF_03295331	1	1	1
PGF_03295678	1	1	1
PGF_03318456	1	1	1
PGF_03325901	1	1	1
PGF_03340305	1	1	1
PGF_03341277	1	1	1
PGF_03341880	1	1	1
PGF_03348128	1	1	1
PGF_03358186	1	1	1
PGF_03364965	1	1	1
PGF_03365856	1	2	1
PGF_03369603	1	1	1
PGF_03375872	1	1	1
PGF_03375910	4	4	4
PGF_03375915	2	2	2
PGF_03376086	1	1	1
PGF_03376181	1	1	1
PGF_03396423	1	1	1
PGF_03416607	1	1	1
PGF_03421722	1	1	1
PGF_03429638	1	1	1
PGF_03429645	1	1	1
PGF_03430203	1	1	1
PGF_03439582	2	2	2
PGF_03439827	1	1	1
PGF_03456505	1	1	1
PGF_03474542	1	1	1
PGF_03503126	1	1	1
PGF_03503521	1	1	1
PGF_03507859	1	1	1
PGF_03514188	1	1	1
PGF_03516774	1	1	1
PGF_03518570	1	1	1
PGF_03520151	1	1	1
PGF_03558779	1	1	1
PGF_03565869	1	1	1
PGF_03609651	1	1	1
PGF_03642389	1	1	1
PGF_03653469	1	1	1
PGF_03670687	1	1	1
PGF_03672087	1	1	1
PGF_03679540	2	2	2
PGF_03682090	2	2	2
PGF_03683488	1	1	1
PGF_03691928	1	1	1
PGF_03708253	1	1	1
PGF_03719269	1	1	1
PGF_03729141	1	1	1
PGF_03739563	1	1	1
PGF_03742549	1	1	1
PGF_03746961	1	1	1
PGF_03751217	1	1	1
PGF_03751658	1	1	1
PGF_03751823	1	1	1
PGF_03752544	1	1	1
PGF_03753122	1	1	1
PGF_03754184	1	1	1
PGF_03757137	1	1	1
PGF_03757342	3	3	3
PGF_03760224	1	1	1
PGF_03767401	1	1	1
PGF_03769603	1	1	1
PGF_03769852	1	1	1
PGF_03787622	1	1	1
PGF_03790040	1	1	1
PGF_03793164	1	1	1
PGF_03799365	1	1	1
PGF_03804453	1	1	1
PGF_03804538	1	1	1
PGF_03810679	1	1	1
PGF_03815442	1	1	1
PGF_03821527	1	1	1
PGF_03835760	1	1	1
PGF_03843396	1	1	1
PGF_03846068	1	1	1
PGF_03846397	1	1	1
PGF_03846985	1	1	1
PGF_03856084	1	1	1
PGF_03863088	1	1	1
PGF_03874093	1	1	1
PGF_03889135	1	1	1
PGF_03904226	1	1	1
PGF_03912513	1	1	1
PGF_03918026	1	1	1
PGF_03934926	1	1	1
PGF_03958227	1	1	1
PGF_03960810	1	1	1
PGF_03987764	1	1	1
PGF_03990071	1	1	1
PGF_04001016	1	1	1
PGF_04004610	1	0	1
PGF_04004929	1	1	1
PGF_04005838	1	1	1
PGF_04007212	1	1	1
PGF_04007946	1	1	1
PGF_04009106	1	1	1
PGF_04010380	1	1	1
PGF_04012930	1	1	1
PGF_04015859	1	0	0
PGF_04016408	1	1	1
PGF_04025415	1	1	1
PGF_04034430	1	1	1
PGF_04034809	0	1	1
PGF_04041316	1	1	1
PGF_04047265	1	1	1
PGF_04063769	1	1	1
PGF_04064899	1	1	1
PGF_04108824	1	1	1
PGF_04114679	1	1	1
PGF_04124781	1	0	0
PGF_04127376	1	1	1
PGF_04139721	2	2	2
PGF_04147121	2	2	2
PGF_04150742	1	1	1
PGF_04151476	1	1	1
PGF_04152933	1	1	1
PGF_04154425	1	0	0
PGF_04156755	1	1	1
PGF_04163139	1	1	1
PGF_04175041	1	1	1
PGF_04175327	1	1	1
PGF_04182459	1	1	1
PGF_04183163	4	4	4
PGF_04186654	0	0	1
PGF_04189945	1	1	1
PGF_04217897	1	1	1
PGF_04220535	1	0	0
PGF_04223668	1	0	0
PGF_04224136	1	1	1
PGF_04225951	1	1	1
PGF_04251132	1	1	1
PGF_04261669	4	4	4
PGF_04275878	1	1	1
PGF_04284526	1	1	1
PGF_04296836	1	0	0
PGF_04300642	0	0	1
PGF_04315180	1	1	1
PGF_04315536	1	0	0
PGF_04325499	1	1	1
PGF_04337343	0	2	0
PGF_04341022	1	1	1
PGF_04344122	1	1	1
PGF_04345693	1	1	1
PGF_04347389	1	0	0
PGF_04352725	0	1	0
PGF_04360357	1	1	1
PGF_04375422	1	1	1
PGF_04378815	1	0	0
PGF_04380075	1	1	1
PGF_04395505	2	1	1
PGF_04396969	1	1	1
PGF_04412082	1	1	1
PGF_04413368	1	1	1
PGF_04431595	3	2	3
PGF_04439782	1	0	0
PGF_04445598	1	0	0
PGF_04457297	1	1	1
PGF_04458795	1	0	0
PGF_04467200	1	1	1
PGF_04483545	1	0	0
PGF_04485073	1	1	1
PGF_04486177	1	1	1
PGF_04493258	1	1	1
PGF_04505269	1	1	1
PGF_04512522	1	1	1
PGF_04515164	1	1	1
PGF_04515590	1	0	0
PGF_04515895	1	1	1
PGF_04517882	2	2	2
PGF_04521913	1	1	1
PGF_04536047	1	0	0
PGF_04546942	0	0	1
PGF_04560429	1	1	1
PGF_04561069	1	1	1
PGF_04563108	2	2	2
PGF_04565471	1	1	1
PGF_04569524	1	1	1
PGF_04571944	1	1	1
PGF_04574228	1	1	1
PGF_04576386	1	1	1
PGF_04576654	1	0	0
PGF_04578860	1	1	1
PGF_04596095	1	0	0
PGF_04596496	3	3	3
PGF_04614911	3	3	3
PGF_04622164	1	0	0
PGF_04623269	1	0	0
PGF_04629474	1	1	1
PGF_04630848	1	1	1
PGF_04636538	1	1	1
PGF_04641861	1	0	0
PGF_04642745	1	1	1
PGF_04660832	1	1	1
PGF_04668013	1	1	1
PGF_04695681	1	1	1
PGF_04724831	1	1	1
PGF_04733842	1	1	1
PGF_04734234	1	1	1
PGF_04736464	2	1	2
PGF_04738069	1	0	1
PGF_04738283	1	1	1
PGF_04744735	1	0	0
PGF_04749763	1	1	1
PGF_04752158	1	1	1
PGF_04757308	1	1	1
PGF_04763780	1	0	0
PGF_04772664	1	1	1
PGF_04775373	1	1	1
PGF_04776928	1	1	1
PGF_04787638	1	0	0
PGF_04788810	1	1	1
PGF_04792416	1	1	1
PGF_04799197	0	1	1
PGF_04803924	1	1	1
PGF_04807486	1	1	1
PGF_04828093	1	0	0
PGF_04834007	1	1	1
PGF_04834035	1	1	1
PGF_04845029	1	1	1
PGF_04846590	1	1	1
PGF_04847482	1	0	0
PGF_04876624	0	0	1
PGF_04882916	1	1	1
PGF_04886077	1	1	1
PGF_04896911	1	0	0
PGF_04911041	1	1	1
PGF_04913120	1	1	1
PGF_04918394	1	1	1
PGF_04925249	1	1	1
PGF_04948539	1	1	1
PGF_04960746	1	1	1
PGF_04961846	0	1	1
PGF_04962192	1	1	1
PGF_04963064	1	0	0
PGF_04965976	1	1	1
PGF_04970608	1	1	1
PGF_04978890	1	1	1
PGF_05011336	1	1	1
PGF_05014087	3	3	3
PGF_05021259	1	1	1
PGF_05030185	1	0	0
PGF_05035220	1	0	0
PGF_05039673	0	0	1
PGF_05040917	1	1	1
PGF_05048110	2	2	2
PGF_05049118	1	1	1
PGF_05073824	3	3	3
PGF_05075600	1	0	0
PGF_05091456	1	1	1
PGF_05110907	1	1	1
PGF_05111929	1	1	1
PGF_05117712	1	1	1
PGF_05122891	1	1	1
PGF_05128162	1	1	1
PGF_05130107	1	1	1
PGF_05135220	1	1	1
PGF_05147908	1	1	1
PGF_05147941	1	1	1
PGF_05151036	2	2	2
PGF_05165078	1	1	1
PGF_05171623	1	1	1
PGF_05172785	1	1	1
PGF_05182506	1	1	1
PGF_05183329	1	0	0
PGF_05187002	1	1	1
PGF_05195027	1	1	1
PGF_05197855	1	2	1
PGF_05206831	1	1	1
PGF_05232222	1	0	0
PGF_05232968	2	3	3
PGF_05233656	1	1	1
PGF_05233771	0	0	1
PGF_05244201	1	1	1
PGF_05254933	1	1	1
PGF_05255412	1	1	1
PGF_05272784	1	1	1
PGF_05279763	1	1	1
PGF_05280843	1	1	1
PGF_05282595	1	1	1
PGF_05290384	1	1	1
PGF_05292916	1	0	0
PGF_05298319	1	0	0
PGF_05299528	1	1	1
PGF_05300545	1	1	1
PGF_05303619	1	1	1
PGF_05310687	1	1	1
PGF_05313903	4	5	4
PGF_05318435	1	1	1
PGF_05322459	2	2	2
PGF_05324876	1	1	1
PGF_05338234	1	1	1
PGF_05365339	1	2	1
PGF_05366548	2	2	2
PGF_05383059	1	0	0
PGF_05388007	1	0	0
PGF_05395071	1	1	1
PGF_05406020	1	0	1
PGF_05406959	1	1	1
PGF_05415986	1	1	1
PGF_05421957	1	0	0
PGF_05424184	1	1	1
PGF_05429396	1	1	1
PGF_05439724	1	1	1
PGF_05442739	2	2	2
PGF_05463808	1	1	1
PGF_05471309	2	2	2
PGF_05475561	2	2	2
PGF_05489261	1	0	1
PGF_05500127	1	1	1
PGF_05501316	1	1	1
PGF_05507938	1	1	1
PGF_05545271	1	0	1
PGF_05549177	1	1	1
PGF_05562713	1	1	1
PGF_05579323	1	1	1
PGF_05581732	1	1	1
PGF_05584513	1	1	1
PGF_05589579	1	1	1
PGF_05598173	1	1	1
PGF_05604596	1	0	0
PGF_05612921	1	1	1
PGF_05614715	1	1	1
PGF_05622318	1	1	1
PGF_05643076	3	3	3
PGF_05643103	1	0	0
PGF_05646071	0	1	0
PGF_05646459	1	1	1
PGF_05648245	1	0	0
PGF_05657253	1	1	1
PGF_05665389	1	0	0
PGF_05672678	1	2	1
PGF_05676783	1	1	1
PGF_05681779	1	1	1
PGF_05693382	1	1	1
PGF_05693577	1	1	1
PGF_05712128	1	1	1
PGF_05714136	1	1	1
PGF_05714479	1	0	0
PGF_05724746	1	1	1
PGF_05729472	1	1	1
PGF_05756051	2	2	2
PGF_05762217	1	0	0
PGF_05769513	1	1	1
PGF_05773989	3	3	3
PGF_05785543	1	1	1
PGF_05816020	1	0	0
PGF_05824817	2	2	2
PGF_05826535	2	2	2
PGF_05837052	1	1	1
PGF_05847461	2	2	2
PGF_05851447	1	0	0
PGF_05857233	1	1	1
PGF_05860008	1	0	0
PGF_05863337	1	1	1
PGF_05864899	1	1	1
PGF_05864940	1	0	0
PGF_05912032	0	1	1
PGF_05914427	1	1	1
PGF_05925776	1	1	1
PGF_05946698	1	1	1
PGF_05964592	4	4	4
PGF_05969517	1	2	1
PGF_05971611	1	1	1
PGF_05978984	1	1	1
PGF_05982667	3	3	3
PGF_05995707	1	0	0
PGF_05999853	1	1	1
PGF_06005188	1	1	1
PGF_06017020	1	1	1
PGF_06020789	1	1	1
PGF_06027248	1	1	1
PGF_06028742	1	1	1
PGF_06028919	1	0	0
PGF_06030909	1	1	1
PGF_06034668	5	5	5
PGF_06038674	1	1	1
PGF_06042688	0	0	1
PGF_06043321	2	2	2
PGF_06051345	1	1	1
PGF_06053106	1	1	1
PGF_06058845	1	1	1
PGF_06061522	1	1	1
PGF_06064314	1	1	1
PGF_06068352	1	1	1
PGF_06068696	1	1	1
PGF_06073485	0	0	1
PGF_06091458	1	0	0
PGF_06093101	3	4	3
PGF_06094076	1	0	0
PGF_06095015	1	0	0
PGF_06109969	1	1	1
PGF_06117835	1	0	0
PGF_06120144	1	1	1
PGF_06124158	1	1	1
PGF_06133167	2	2	2
PGF_06139181	7	7	7
PGF_06160343	1	1	1
PGF_06162164	1	1	1
PGF_06162541	1	1	1
PGF_06162930	1	1	1
PGF_06170558	1	1	1
PGF_06172466	28	29	28
PGF_06174680	0	0	1
PGF_06180597	1	1	1
PGF_06205744	0	0	1
PGF_06213055	1	1	1
PGF_06220484	1	1	1
PGF_06225887	1	1	1
PGF_06229308	13	14	13
PGF_06230969	1	1	1
PGF_06248444	1	1	1
PGF_06254345	1	1	1
PGF_06255546	1	1	1
PGF_06255562	1	1	1
PGF_06256694	1	0	0
PGF_06261371	0	1	0
PGF_06264218	1	1	1
PGF_06269104	1	1	1
PGF_06273750	1	1	1
PGF_06274006	1	1	1
PGF_06285041	1	1	1
PGF_06287652	1	1	1
PGF_06293576	1	1	1
PGF_06294518	1	1	1
PGF_06294815	1	1	1
PGF_06296193	2	2	2
PGF_06299558	1	1	1
PGF_06311927	1	1	1
PGF_06326847	1	1	1
PGF_06327359	0	2	0
PGF_06364070	1	1	1
PGF_06374046	1	0	0
PGF_06379377	1	1	1
PGF_06389977	1	1	1
PGF_06398080	1	1	1
PGF_06400930	1	0	0
PGF_06402321	1	0	0
PGF_06403579	1	1	1
PGF_06424843	1	0	0
PGF_06443722	1	0	0
PGF_06447349	2	2	2
PGF_06453014	1	1	1
PGF_06453320	1	1	1
PGF_06458676	1	0	0
PGF_06463602	2	2	2
PGF_06474200	1	0	0
PGF_06479268	0	0	1
PGF_06480894	1	1	1
PGF_06495818	1	1	1
PGF_06508948	1	0	0
PGF_06508996	1	0	0
PGF_06519735	1	0	0
PGF_06522349	1	1	1
PGF_06530721	1	1	1
PGF_06545170	3	3	3
PGF_06550396	0	1	0
PGF_06552220	1	1	1
PGF_06563840	0	0	1
PGF_06566462	1	1	1
PGF_06568154	0	0	1
PGF_06569447	1	0	0
PGF_06591921	1	2	1
PGF_06592852	1	1	1
PGF_06594013	1	1	1
PGF_06607408	1	0	0
PGF_06629143	1	1	1
PGF_06644010	1	1	1
PGF_06648166	0	0	1
PGF_06649360	1	1	1
PGF_06653604	1	0	0
PGF_06660812	1	1	1
PGF_06664917	1	1	1
PGF_06671388	1	1	1
PGF_06680790	2	2	2
PGF_06686458	1	1	1
PGF_06693654	1	0	0
PGF_06693963	1	1	1
PGF_06703483	1	1	1
PGF_06705203	1	1	1
PGF_06706859	1	1	1
PGF_06723039	1	1	1
PGF_06735060	1	1	1
PGF_06736063	1	1	1
PGF_06741433	1	0	0
PGF_06750600	1	1	1
PGF_06755829	1	1	1
PGF_06757295	1	1	1
PGF_06772993	1	1	1
PGF_06775354	1	1	1
PGF_06781655	1	1	1
PGF_06800368	1	1	1
PGF_06800592	1	0	0
PGF_06815767	2	1	2
PGF_06816681	1	1	1
PGF_06824572	1	1	1
PGF_06828376	1	1	1
PGF_06832128	1	1	1
PGF_06853857	2	2	2
PGF_06854307	3	3	3
PGF_06857577	1	1	1
PGF_06862969	1	1	1
PGF_06879438	1	1	1
PGF_06889881	1	1	1
PGF_06897215	1	1	1
PGF_06908566	1	1	1
PGF_06915822	8	4	5
PGF_06923359	1	1	1
PGF_06933339	0	1	0
PGF_06935032	1	1	1
PGF_06936561	1	1	1
PGF_06937188	1	1	1
PGF_06940846	1	2	1
PGF_06941403	1	1	1
PGF_06944205	1	1	1
PGF_06949599	2	2	2
PGF_06958392	2	2	2
PGF_06962681	1	1	1
PGF_06969055	1	1	1
PGF_06969336	1	1	1
PGF_06975935	1	1	1
PGF_06985891	1	1	1
PGF_06986984	1	1	1
PGF_06992663	2	2	2
PGF_06992864	1	1	1
PGF_06998219	1	1	1
PGF_06999090	1	1	1
PGF_07011327	2	2	2
PGF_07022278	12	12	12
PGF_07026263	1	1	1
PGF_07049970	1	1	1
PGF_07058854	1	1	1
PGF_07062939	1	1	1
PGF_07064407	1	1	1
PGF_07066202	1	1	1
PGF_07066558	1	1	1
PGF_07072294	1	1	1
PGF_07072582	1	1	1
PGF_07078893	1	1	1
PGF_07088295	1	1	1
PGF_07091275	1	1	1
PGF_07093361	1	1	1
PGF_07096769	1	1	1
PGF_07099804	1	1	1
PGF_07101513	1	1	1
PGF_07103240	1	1	1
PGF_07128871	1	1	1
PGF_07133621	1	1	1
PGF_07148394	1	1	1
PGF_07157721	1	1	1
PGF_07204877	1	1	1
PGF_07236596	1	1	1
PGF_07254162	1	1	1
PGF_07283308	1	1	1
PGF_07356397	1	1	1
PGF_07380490	1	1	1
PGF_07390148	6	6	6
PGF_07402119	1	1	1
PGF_07410757	1	1	1
PGF_07425883	1	1	1
PGF_07440470	2	2	2
PGF_07449833	1	1	1
PGF_07450110	1	1	1
PGF_07451273	1	0	1
PGF_07452410	0	1	0
PGF_07467497	1	1	1
PGF_07469793	1	1	1
PGF_07477009	1	0	0
PGF_07478695	1	0	0
PGF_07480170	0	0	1
PGF_07480744	1	0	1
PGF_07485498	1	1	1
PGF_07487064	1	1	1
PGF_07487638	0	0	1
PGF_07493341	2	2	2
PGF_07493589	1	0	0
PGF_07497093	1	1	1
PGF_07498656	1	1	1
PGF_07499686	4	3	4
PGF_07503822	2	2	2
PGF_07504595	1	1	1
PGF_07507244	1	1	1
PGF_07509673	1	0	1
PGF_07516252	1	1	1
PGF_07525202	1	1	1
PGF_07529673	0	1	1
PGF_07531934	1	1	1
PGF_07533300	1	0	0
PGF_07534113	1	1	1
PGF_07540743	1	1	1
PGF_07541421	1	1	1
PGF_07544077	1	1	1
PGF_07544446	1	0	0
PGF_07548581	1	1	1
PGF_07554507	1	0	0
PGF_07554987	1	1	1
PGF_07555164	0	1	0
PGF_07555689	1	1	1
PGF_07557824	0	0	1
PGF_07559297	1	0	0
PGF_07559742	1	1	1
PGF_07560584	1	1	1
PGF_07561077	1	1	1
PGF_07562394	1	1	1
PGF_07568185	1	1	1
PGF_07570917	1	1	1
PGF_07571393	0	1	0
PGF_07572587	1	1	1
PGF_07576877	1	0	0
PGF_07578144	1	1	1
PGF_07581576	1	0	0
PGF_07583562	1	1	1
PGF_07584035	1	1	1
PGF_07584285	1	1	0
PGF_07586302	1	1	1
PGF_07593088	1	1	1
PGF_07596197	0	0	1
PGF_07597079	1	1	1
PGF_07597706	1	1	1
PGF_07598685	2	2	2
PGF_07599443	1	0	0
PGF_07600757	1	1	1
PGF_07603178	1	0	0
PGF_07605555	1	1	1
PGF_07619772	1	1	1
PGF_07622177	1	1	1
PGF_07623576	1	1	1
PGF_07629184	1	1	1
PGF_07631403	0	1	0
PGF_07632417	1	1	1
PGF_07636634	1	0	0
PGF_07639199	1	1	1
PGF_07644764	0	1	1
PGF_07647418	1	1	1
PGF_07654159	1	1	1
PGF_07654240	1	1	1
PGF_07655085	0	1	1
PGF_07655973	1	1	1
PGF_07656830	1	0	0
PGF_07657299	1	1	1
PGF_07660801	1	0	1
PGF_07662063	1	0	0
PGF_07668573	1	1	1
PGF_07676299	1	1	1
PGF_07678337	0	1	0
PGF_07681296	1	1	1
PGF_07686676	2	2	2
PGF_07695531	1	1	1
PGF_07698559	1	1	1
PGF_07707170	1	0	0
PGF_07708442	0	1	1
PGF_07709470	1	1	1
PGF_07711219	1	1	1
PGF_07712988	1	1	1
PGF_07719514	1	1	1
PGF_07724141	1	1	1
PGF_07724894	1	1	1
PGF_07725161	1	0	0
PGF_07727169	1	1	1
PGF_07728589	1	1	1
PGF_07735840	3	3	3
PGF_07743758	2	4	2
PGF_07744086	1	1	1
PGF_07746053	1	1	1
PGF_07750515	1	1	1
PGF_07751487	1	1	1
PGF_07752219	1	1	1
PGF_07752473	3	3	3
PGF_07753875	4	3	4
PGF_07765618	1	1	1
PGF_07765956	1	0	0
PGF_07768039	1	1	1
PGF_07769066	1	1	1
PGF_07781967	1	1	1
PGF_07813492	1	1	1
PGF_07829143	1	1	1
PGF_07888855	4	3	4
PGF_07901451	1	1	1
PGF_07915158	1	1	1
PGF_07932012	2	2	2
PGF_07945875	1	1	1
PGF_08027009	1	1	1
PGF_08027856	1	1	1
PGF_08029318	1	1	1
PGF_08029717	1	1	1
PGF_08030302	1	1	1
PGF_08034932	1	0	1
PGF_08040416	1	1	1
PGF_08044392	1	0	0
PGF_08048018	1	1	1
PGF_08048583	1	0	0
PGF_08049151	1	1	0
PGF_08049825	0	1	0
PGF_08050537	1	1	1
PGF_08051006	1	0	0
PGF_08051389	1	1	1
PGF_08051458	1	1	1
PGF_08051550	1	0	0
PGF_08053625	1	1	1
PGF_08055588	0	1	1
PGF_08059428	1	1	1
PGF_08060212	1	1	1
PGF_08060267	1	1	1
PGF_08061897	0	1	1
PGF_08063475	1	0	0
PGF_08063914	1	0	0
PGF_08066265	1	0	0
PGF_08066646	1	1	1
PGF_08069465	1	1	1
PGF_08069803	1	1	1
PGF_08072253	0	1	1
PGF_08075007	1	0	0
PGF_08077800	1	0	0
PGF_08080880	1	0	1
PGF_08081876	1	0	1
PGF_08082867	1	1	1
PGF_08083085	1	0	0
PGF_08088349	1	1	1
PGF_08091977	1	1	1
PGF_08092662	1	1	1
PGF_08094180	1	1	1
PGF_08095335	1	0	0
PGF_08097800	1	0	0
PGF_08099313	1	0	0
PGF_08100026	1	1	1
PGF_08100045	0	1	1
PGF_08101012	1	0	0
PGF_08103616	1	1	1
PGF_08106955	1	1	1
PGF_08107305	1	1	1
PGF_08107891	1	1	1
PGF_08110661	1	1	1
PGF_08110668	1	1	1
PGF_08118814	1	1	1
PGF_08120041	1	0	0
PGF_08122675	1	1	1
PGF_08126654	1	1	1
PGF_08127290	1	1	1
PGF_08131638	0	1	1
PGF_08133382	0	1	0
PGF_08135541	0	0	1
PGF_08137663	1	0	0
PGF_08145168	1	0	0
PGF_08146982	1	0	0
PGF_08147895	1	1	1
PGF_08148208	1	0	0
PGF_08150065	1	0	0
PGF_08153274	1	0	0
PGF_08155071	1	0	0
PGF_08156821	0	1	1
PGF_08157994	1	0	0
PGF_08159936	1	1	1
PGF_08161871	1	0	0
PGF_08162632	1	1	1
PGF_08164046	1	1	1
PGF_08164158	1	0	0
PGF_08164535	2	2	2
PGF_08166879	1	1	1
PGF_08167158	1	1	1
PGF_08167784	1	1	1
PGF_08174345	1	0	0
PGF_08174924	1	1	1
PGF_08175821	1	0	0
PGF_08175864	0	0	1
PGF_08176267	1	1	1
PGF_08177691	1	1	1
PGF_08181507	1	0	0
PGF_08182726	1	1	1
PGF_08183187	1	1	1
PGF_08189113	1	1	1
PGF_08193997	1	1	1
PGF_08195695	1	1	1
PGF_08196377	1	1	1
PGF_08218149	1	1	1
PGF_08223464	1	1	1
PGF_08271516	1	1	1
PGF_10300967	1	1	1
PGF_10301994	1	1	1
PGF_10302567	1	1	1
PGF_10314729	1	0	1
PGF_10317471	1	1	1
PGF_10323631	1	1	1
PGF_10324512	1	1	1
PGF_10324973	1	1	1
PGF_10326368	1	1	1
PGF_10344157	1	1	1
PGF_10345460	1	1	1
PGF_10351475	2	2	2
PGF_10354360	1	1	1
PGF_10354362	1	1	1
PGF_10354485	1	1	1
PGF_10357448	1	1	1
PGF_10357928	1	1	1
PGF_10362649	1	1	1
PGF_10363952	1	1	1
PGF_10368596	1	1	1
PGF_10377540	1	1	1
PGF_10379566	1	1	1
PGF_10379741	1	1	1
PGF_10380309	1	1	1
PGF_10384187	1	1	1
PGF_10386949	1	1	1
PGF_10392073	1	0	0
PGF_10399625	1	1	1
PGF_10402664	1	1	1
PGF_10408463	1	1	1
PGF_10421528	1	1	1
PGF_10423355	1	1	1
PGF_10430731	1	1	1
PGF_10436037	1	1	1
PGF_10441140	1	2	1
PGF_10447617	1	1	1
PGF_10455487	1	1	1
PGF_10460109	1	1	1
PGF_10461391	2	2	2
PGF_10470227	1	1	1
PGF_10470767	1	1	1
PGF_10478809	1	1	1
PGF_10480301	1	1	1
PGF_10480676	1	1	1
PGF_10486082	1	1	1
PGF_10490354	1	1	1
PGF_10491425	1	1	1
PGF_10492972	1	1	1
PGF_10500186	1	1	1
PGF_10525132	1	1	1
PGF_10526202	1	1	1
PGF_10528153	1	1	1
PGF_10529679	1	1	1
PGF_10533530	1	1	1
PGF_10534624	1	1	1
PGF_10535619	1	1	1
PGF_10544540	1	1	1
PGF_10555571	1	0	0
PGF_10556793	2	2	2
PGF_10557492	1	1	1
PGF_10566618	1	1	1